F1,F2,F3,F4,TARGET,X,Y
50,16,14,30,4,9,96
64,28,44,50,4,6,94
46,20,2,35,4,13,96
58,24,34,39,4,19,90
42,24,18,47,4,21,65
63,28,58,36,4,8,91
52,24,60,33,4,10,82
42,28,34,49,4,10,83
67,28,62,50,4,10,79
42,24,38,36,4,11,85
58,28,48,36,4,8,77
56,28,50,37,4,8,70
57,28,46,40,4,11,77
64,32,56,49,4,7,84
56,28,54,30,4,9,84
60,32,44,41,4,11,78
64,28,50,41,4,7,80
67,28,52,52,4,19,67
65,28,8,56,4,25,75
53,28,52,41,4,9,92
46,24,42,43,4,10,84
58,20,46,34,4,9,85
50,24,42,40,4,19,68
67,28,56,38,4,22,69
46,32,76,44,4,17,69
56,36,68,49,4,19,70
63,24,40,39,4,15,81
60,24,64,32,4,20,85
60,24,64,38,4,17,85
67,36,66,62,4,15,76
64,28,52,49,4,14,79
59,28,48,46,4,15,89
58,24,70,46,4,20,87
47,28,48,44,4,20,82
56,20,46,42,4,14,66
56,28,40,47,4,15,75
52,24,54,44,4,13,89
53,24,42,51,4,14,81
59,28,56,46,4,16,84
65,24,60,43,4,12,93
63,24,54,29,4,12,85
58,36,48,51,4,14,79
48,20,60,47,4,10,63
48,16,62,33,4,13,55
45,24,30,42,4,14,57
54,24,66,44,4,15,67
60,24,70,42,4,9,66
41,24,0.875,38,4,8,88
50,24,68,38,4,10,81
42,20,52,42,4,12,59
53,32,50,48,4,8,71
58,28,52,39,4,10,74
46,36,70,49,4,9,86
48,28,54,43,4,11,71
42,28,76,43,4,16,69
63,36,76,45,4,15,75
50,32,68,42,4,12,80
50,28,28,42,4,11,75
56,28,58,43,4,13,70
56,24,22,41,4,16,61
41,24,66,40,4,9,57
53,36,70,45,4,10,63
64,32,64,57,4,7,76
52,36,70,50,4,16,84
62,40,80,62,4,11,76
45,32,68,43,4,14,62
42,28,76,44,4,8,74
51,44,82,50,4,19,83
45,32,38,49,4,2,74
45,24,70,49,4,9,78
57,36,72,52,4,4,84
67,44,76,58,4,8,73
48,36,72,51,4,11,70
51,32,86,46,4,12,69
42,36,82,49,4,17,81
46,24,68,29,4,5,66
41,28,82,36,4,8,64
62,32,80,37,4,12,75
47,32,70,40,4,13,65
50,24,64,33,4,15,56
65,32,70,33,4,16,58
63,28,64,36,4,14,63
43,24,42,32,4,12,64
41,20,70,34,4,11,92
52,28,72,33,4,10,72
52,20,62,32,4,7,85
46,28,50,38,4,7,93
62,36,76,38,4,13,82
42,32,74,49,4,10,88
43,36,84,44,4,9,80
63,32,84,38,4,11,88
47,28,68,30,4,15,88
56,40,86,63,4,13,75
46,36,86,53,4,15,80
62,32,80,37,4,5,85
56,36,78,40,4,10,82
56,32,74,43,4,17,68
63,32,86,37,4,19,81
45,32,78,37,4,15,79
64,32,72,47,4,14,68
47,36,82,54,4,17,94
54,40,52,60,4,2,107
58,44,94,64,4,1,95
53,40,90,58,4,-4,108
62,28,86,50,4,2,121
62,36,84,43,4,-11,111
57,32,78,41,4,-18,122
48,36,94,64,4,-1,105
51,40,62,54,4,9,107
54,36,70,40,4,7,116
47,36,76,39,4,11,119
42,36,82,43,4,4,110
57,40,94,62,4,9,95
48,36,90,47,4,-2,106
58,36,88,52,4,0,106
47,32,70,40,4,0,104
51,40,82,49,4,-1,105
41,32,88,43,4,7,106
59,32,80,41,4,-7,109
58,44,94,52,4,5,98
59,32,88,44,4,-2,106
43,36,84,49,4,-6,110
48,32,56,41,4,-9,110
57,28,62,42,4,-6,121
56,28,80,41,4,6,122
65,32,72,43,4,-8,117
42,36,80,54,4,0,121
57,36,78,58,4,-1,104
63,40,88,69,4,1,105
47,32,64,49,4,21,108
58,28,76,46,4,29,113
43,40,82,48,4,15,107
56,32,74,45,4,0,129
57,32,74,33,4,20,80
60,32,88,44,4,16,72
51,32,64,37,4,16,72
54,36,68,41,4,17,66
51,32,52,45,4,7,71
62,36,76,49,4,9,76
47,40,86,40,4,17,73
62,44,78,40,4,8,79
53,40,84,40,4,5,86
47,36,90,38,4,10,78
45,36,78,45,4,15,64
46,40,80,48,4,16,73
46,36,90,54,4,16,79
43,36,82,49,4,9,85
42,44,84,57,4,9,101
59,36,96,44,4,11,92
60,40,90,54,4,9,88
42,28,84,27,4,12,94
59,10,18,51,4,7,120
65,17,45,56,4,15,81
59,17,27,51,4,25,78
59,17,59,59,4,33,82
59,21,56,56,4,13,57
62,21,100,59,4,15,63
59,17,100,56,4,13,65
62,14,100,51,4,14,61
50,17,100,56,4,3,70
21,2,20,24,5,-142,142
27,5,18,28,5,-126,127
42,8,26,27,5,-118,123
9,2,21,31,5,-124,130
14,2,19,26,5,-136,136
1.36E-20,2,19,22,5,-136,137
2.54E-21,2,18,25,5,-122,125
1.73E-18,2,18,26,5,-164,143
7.94E-23,5,18,23,5,-154,150
9,5,24,31,5,-123,126
36,5,21,34,5,-70,131
32,5,22,30,5,-132,133
68,2,20,25,5,-136,136
2.60E-18,5,16,16,5,-150,152
6.94E-18,5,18,24,5,-148,154
30,5,18,26,5,-131,131
1.08E-19,8,20,19,5,-137,139
2.78E-17,5,18,11,5,-138,140
6.78E-21,8,21,17,5,-134,135
2.54E-21,2,19,15,5,-131,133
2.71E-20,5,15,8,5,-141,143
63,5,28,29,5,-111,122
65,5,24,22,5,-120,125
57,8,24,28,5,-136,136
19,2,17,22,5,-142,141
1.08E-19,5,16,15,5,-155,159
1.99E-23,5,17,16,5,-136,136
3.31E-24,8,16,9,5,-109,113
23,13,27,30,5,-129,130
18,8,26,29,5,-124,127
7.94E-23,11,24,24,5,-145,145
5.29E-23,8,17,9,5,-147,155
8.47E-22,5,20,16,5,-143,147
8.47E-22,8,17,19,5,-142,145
8.13E-20,5,14,13,5,-141,144
1.65E-24,5,16,15,5,-152,161
1.32E-23,5,13,9,5,-153,168
5.20E-18,2,16,11,5,-141,148
2.54E-21,5,17,14,5,-149,161
5.17E-26,0.000976563,11,8,5,-144,148
1,5,19,21,5,-129,132
3.25E-19,5,18,17,5,-124,126
2.65E-22,2,18,16,5,-138,139
1.06E-22,2,19,15,5,-131,133
3,2,18,21,5,-133,133
1.59E-22,2,16,17,5,-131,132
1.69E-21,2,14,18,5,-144,148
3.18E-22,2,16,17,5,-148,161
3.31E-23,2,17,19,5,-148,158
5.29E-23,2,16,18,5,-152,174
2.71E-20,2,13,18,5,-149,166
6.94E-18,2,12,15,5,-153,165
1.08E-19,5.29E-22,13,17,5,-150,165
3.18E-22,5,17,26,5,-147,154
2.17E-19,2,14,18,5,-143,149
14,2,20,35,5,-149,143
1.32E-23,2,15,21,5,-146,145
34,8,32,57,5,-103,118
19,2,23,39,5,-125,131
19,5,20,32,5,-146,145
4.34E-19,5,18,29,5,-146,146
32,2,22,35,5,-156,149
5.42E-20,2,19,33,5,-158,154
4.24E-22,2,18,32,5,-158,155
3.47E-18,2,17,23,5,-157,159
3.39E-21,2,18,29,5,-157,158
8.67E-19,2,17,35,5,-156,152
1.02E-20,5,19,37,5,-153,152
6,2,17,30,5,-154,155
17,2,21,41,5,-160,153
4.34E-19,2,17,30,5,-153,151
43,2,25,42,5,-153,143
26,2,20,38,5,-144,141
29,5,21,39,5,-160,154
5,2,19,35,5,-154,152
6,2,17,35,5,-149,149
1.19E-07,2,18,33,5,-143,145
2.78E-17,2,13,23,5,-156,156
4,5,18,30,5,-151,152
8,2,19,33,5,-143,145
9.09E-13,2,14,28,5,-147,145
4.16E-17,5,16,22,5,-141,143
1.39E-17,5,17,28,5,-146,148
8.13E-20,5,18,22,5,-149,150
6.94E-18,5,17,12,5,-142,146
2.60E-18,2,17,17,5,-148,154
1.08E-19,2,16,18,5,-152,153
1,2,17,24,5,-143,144
4.55E-13,2,16,20,5,-145,146
8.47E-22,5,16,19,5,-152,152
6.94E-18,2,15,17,5,-150,154
2.60E-18,2,17,22,5,-149,151
6.94E-18,2,17,22,5,-154,155
2.71E-20,2,14,17,5,-146,149
15,2,19,33,5,-140,139
5.42E-20,5,16,22,5,-146,144
25,2,20,33,5,-136,137
7,5,16,27,5,-116,126
9,5,18,31,5,-129,133
5.55E-17,2,17,22,5,-146,147
2.71E-20,5,20,21,5,-140,141
6.94E-18,2,17,28,5,-146,148
11,5,20,33,5,-135,137
8.67E-19,2,17,18,5,-144,147
1.73E-17,1,17,18,5,-146,155
8.33E-17,0.25,16,18,5,-142,150
1.11E-16,2,19,23,5,-143,146
30,5,24,42,5,-128,131
1.19E-20,0.5,15,8,5,-151,151
90,5,25,39,5,-96,121
15,5,21,29,5,-118,119
21,8,21,22,5,-108,115
100,100,100,100,5,-107,114
100,100,100,98,5,-112,117
9,5,17,18,5,-125,126
40,10,26,49,5,-63,85
44,8,23,44,5,-126,-120
6,2,15,13,5,-144,-157
17,5,21,27,5,-128,-122
16,5,22,34,5,-132,-122
23,8,21,35,5,-132,-128
3,8,20,29,5,-118,-112
20,8,25,59,5,-132,-113
40,2,22,42,5,-140,-142
17,5,20,40,5,-133,94
14,5,23,32,5,-145,-155
11,5,21,17,5,-149,171
18,5,20,29,5,-139,142
14,5,21,22,5,-140,148
13,8,22,20,5,-141,150
3,2,19,17,5,-147,157
8,8,23,29,5,-149,-167
13,5,17,24,5,-148,171
2.39E-18,5,17,28,5,-130,134
52,10,25,52,5,-56,104
32,8,22,42,5,-77,111
27,5,21,21,5,-104,108
10,5,20,18,5,-116,111
7,5,18,14,5,-126,120
9,5,20,25,5,-141,145
1,2,18,25,5,-141,152
8,5,17,37,5,-138,145
1.11E-16,5,19,14,5,-139,152
4,8,23,31,5,-128,104
6,8,20,20,5,-134,128
48,5,23,40,5,-122,92
11,5,20,32,5,-133,133
3.47E-18,2,18,17,5,-135,136
3.47E-18,2,15,16,5,-147,170
7,2,16,24,5,-137,138
12,5,17,27,5,-143,161
11,5,18,24,5,-130,127
7,5,20,21,5,-134,135
1,2,17,18,5,-134,135
7,5,21,31,5,-139,146
16,2,15,9,5,-143,143
23,5,21,16,5,-135,134
32,5,16,31,5,-143,143
48,7,17,24,5,-127,129
40,7,18,25,5,-112,121
90,100,90,86,1,12,-2
86,100,96,85,1,9,5
89,100,90,89,1,8,2
79,100,90,84,1,0,7
91,100,96,86,1,0,8
93,100,93,82,1,0,6
100,100,93,80,1,-2,7
100,100,93,90,1,-1,6
97,100,96,91,1,-1,13
84,100,96,90,1,-2,8
99,100,100,90,1,-1,8
92,100,93,86,1,-2,5
100,100,96,91,1,-1,10
80,100,96,87,1,-1,13
97,100,96,88,1,-1,11
96,100,96,89,1,-2,1
72,81,93,83,1,-2,10
76,80,96,86,1,-1,15
75,85,100,83,1,0,8
85,87,100,76,1,0,11
92,98,100,88,1,3,10
76,98,96,89,1,3,8
88,90,100,86,1,2,13
80,92,100,88,1,0,15
82,91,100,83,1,3,12
88,90,100,83,1,2,12
89,91,100,75,1,2,14
79,100,100,86,1,2,10
80,100,100,89,1,1,12
91,100,100,73,1,2,13
84,100,100,82,1,2,14
85,100,100,80,1,3,15
82,71,100,82,1,2,13
79,100,100,84,1,2,11
79,87,100,87,1,2,9
80,93,100,86,1,3,8
83,88,100,76,1,2,9
91,90,100,89,1,3,9
84,92,100,83,1,3,13
79,100,100,84,1,2,10
100,100,100,73,1,2,5
93,100,100,73,1,1,7
76,100,100,86,1,3,8
80,98,100,74,1,3,6
82,93,100,70,1,2,8
78,100,100,82,1,1,8
83,100,100,72,1,2,7
87,100,100,89,1,2,9
90,100,100,89,1,1,6
78,100,100,89,1,0,4
93,78,100,90,1,1,3
86,100,93,91,1,0,3
97,100,93,94,1,0,5
100,100,100,94,1,0,5
100,88,96,93,1,-3,8
80,85,100,93,1,-2,7
100,75,100,93,1,-3,2
100,62,100,93,1,-1,8
100,91,100,97,1,-1,10
100,100,100,93,1,-2,7
100,100,100,94,1,-1,7
87,100,100,93,1,0,10
93,100,100,92,1,-1,9
97,100,100,93,1,0,10
96,97,100,94,1,0,13
90,100,100,94,1,0,6
100,88,100,96,1,0,11
97,100,100,95,1,0,11
90,100,100,94,1,-1,13
91,95,100,94,1,0,13
98,100,100,94,1,0,9
100,96,100,94,1,0,10
85,96,100,94,1,0,12
92,100,100,91,1,0,12
82,92,100,93,1,-1,11
91,100,100,93,1,0,12
85,100,100,93,1,0,10
100,92,100,94,1,-2,12
100,98,100,94,1,-2,17
100,98,100,94,1,-1,13
100,90,100,98,1,-2,20
100,96,100,99,1,-2,11
100,90,100,98,1,-2,10
100,90,100,100,1,-3,11
100,96,100,100,1,-3,10
100,93,100,99,1,14,4
100,93,100,100,1,11,10
100,93,100,100,1,11,8
100,96,100,100,1,13,4
100,96,100,100,1,10,-2
100,100,100,100,1,11,1
100,93,100,100,1,5,11
100,96,100,100,1,7,8
100,96,100,100,1,5,8
100,96,100,100,1,5,12
100,96,100,100,1,5,12
81,93,100,98,1,7,11
80,96,100,100,1,4,15
85,100,100,100,1,4,14
87,100,100,100,1,7,3
98,100,100,100,1,6,8
98,96,100,100,1,5,8
90,100,100,99,1,5,10
92,100,100,100,1,8,1
91,100,100,100,1,6,7
90,100,100,100,1,6,6
91,100,100,100,1,8,1
100,100,100,100,1,6,5
100,100,100,97,1,6,4
100,100,100,99,1,6,9
100,100,100,100,1,5,9
100,100,100,98,1,8,3
71,100,100,99,1,6,5
100,100,100,100,1,7,1
87,100,100,100,1,6,4
93,100,100,100,1,7,7
88,100,100,100,1,6,6
90,100,100,100,1,7,6
92,100,100,100,1,10,6
100,100,100,100,1,6,11
100,100,100,100,1,7,14
100,100,100,100,1,5,15
100,100,100,100,1,4,11
98,100,100,100,1,3,14
93,100,100,100,1,7,0
100,100,100,100,1,3,4
100,100,100,100,1,4,3
100,100,100,100,1,3,7
100,100,100,100,1,6,3
100,100,100,100,1,6,2
78,100,100,96,1,5,3
100,93,100,97,1,5,3
100,93,100,96,1,5,4
100,100,100,97,1,5,8
88,96,100,97,1,5,6
85,100,100,99,1,4,7
75,100,100,100,1,5,6
62,100,100,100,1,5,7
91,100,100,100,1,4,5
100,100,100,100,1,4,7
100,100,100,100,1,4,6
100,100,100,100,1,2,7
100,100,100,100,1,2,8
100,100,100,100,1,3,6
97,100,100,100,1,2,8
100,100,100,100,1,4,7
88,100,100,100,1,4,3
100,100,100,100,1,4,7
100,100,100,100,1,5,7
95,100,100,100,1,4,8
100,100,100,100,1,4,9
96,100,100,100,1,4,8
96,100,100,100,1,5,7
100,100,100,100,1,4,10
92,100,100,100,1,4,6
100,100,100,100,1,4,7
100,100,100,100,1,4,5
92,100,100,100,1,4,7
98,100,100,100,1,3,10
98,100,100,100,1,4,7
4,7.11E-15,3.33E-16,6.11E-16,2,-157,157
3.31E-24,1.11E-16,2.65E-23,1.99E-23,2,-154,145
1.24E-24,11,6.20E-25,5.17E-25,2,-153,143
4.04E-27,11,4.14E-24,1.65E-24,2,-151,140
17,5,1,1.03E-24,2,-165,170
17,5,6.62E-24,1.32E-23,2,-162,163
25,5,1,1.36E-20,2,-169,165
25,8,4,1.32E-23,2,-169,169
41,5,2,3.88E-26,2,-156,146
3.23E-26,11,4.14E-25,1.14E-24,2,-29,112
1.82E-27,11,2.58E-26,3.88E-26,2,-81,121
2.69E-24,5,6.62E-24,4.55E-24,2,-82,120
1.32E-22,8,2.12E-22,1.59E-22,2,-85,120
3.31E-23,8,7.94E-23,3.97E-23,2,-122,128
8.48E-27,11,1.03E-25,3.10E-25,2,-70,118
3.31E-23,5,2.12E-22,2.12E-22,2,-142,139
5.96E-23,8,2.12E-22,2.65E-22,2,-89,119
2.65E-28,5,8.08E-28,1.21E-27,2,-118,126
3.31E-24,7.24E-25,4.96E-24,6.62E-24,2,-108,123
3.31E-24,1.03E-24,1.32E-23,1.49E-23,2,-120,127
3.52E-24,3.23E-25,1.99E-23,3.64E-23,2,-113,124
2.48E-24,5,9.93E-24,2.90E-24,2,-128,131
5.17E-26,5,1,2.65E-23,2,-122,128
4.76E-22,2.12E-22,1.27E-21,1.69E-21,2,-110,122
3.03E-28,2,7.75E-26,4.52E-26,2,-114,124
4.76E-22,5,2.12E-22,2.12E-22,2,-110,126
1.29E-26,5,5.17E-26,5.17E-26,2,-95,122
4.30E-23,5,2.65E-23,3.64E-23,2,-104,123
2.65E-23,11,5.29E-23,6.62E-24,2,-101,122
4.14E-25,5,1,8.27E-25,2,-117,127
8.27E-25,5,3.31E-24,1.03E-25,2,-118,127
4.96E-24,8,1.32E-23,1.32E-23,2,-123,129
1.08E-18,5,2.60E-18,3.04E-18,2,-135,136
2.58E-25,8,2,1.03E-24,2,-118,127
2.58E-26,11,1,2.58E-25,2,-119,128
1.69E-21,1,1.08E-19,4.07E-20,2,-144,144
1.06E-22,0.5,6.35E-22,1.59E-22,2,-143,141
0,2,1,3.16E-30,2,-138,138
4.24E-22,8,1,8.47E-22,2,-149,146
3.31E-24,5,4,2.12E-22,2,-150,139
3.31E-23,8,5,1.06E-22,2,-132,134
2.12E-22,5,6,8.47E-22,2,-159,-145
4.14E-25,8,4,4.14E-25,2,-101,126
1.86E-24,8,1,4.63E-23,2,-77,123
8.27E-24,5,2.12E-22,4.24E-22,2,-77,123
1.59E-22,11,4.24E-22,7.41E-22,2,-94,124
2.33E-25,8,1.65E-24,4.14E-25,2,-95,126
1.36E-20,8,1,1.29E-25,2,-107,124
5.08E-21,8,1.69E-21,2.54E-21,2,-114,127
1.65E-24,5,2,8.27E-25,2,-121,129
4.24E-22,8,2,2.12E-22,2,-117,127
6.78E-21,5,1,1.36E-20,2,-131,133
4.24E-22,7.28E-12,1.69E-21,3.71E-22,2,-134,135
1,9.09E-13,3,1.65E-24,2,-139,138
8.47E-21,3.31E-24,3,1.59E-22,2,-143,143
8.67E-19,5,2,2.03E-20,2,-141,140
1.69E-21,5,1,4.66E-21,2,-146,148
1.03E-25,8,2.07E-25,4.14E-25,2,-128,131
1.36E-19,8,3.25E-19,2.71E-19,2,-133,135
2.17E-19,2,1.08E-19,1.49E-19,2,-146,143
2.17E-19,5,1.63E-19,1.08E-19,2,-124,130
1.06E-22,2,3,6.62E-24,2,-149,146
1.06E-22,5,1,3.31E-24,2,-137,136
1.94E-26,11,2,2.07E-25,2,-146,142
1.36E-20,5,5.42E-20,4.74E-20,2,-135,136
2.48E-24,0.3125,1,4.14E-25,2,-140,139
5.42E-19,2,4.34E-19,1.63E-19,2,-154,154
1.06E-22,8,3.18E-22,5.29E-22,2,-103,120
6.78E-21,8,1,3.39E-21,2,-113,124
6.78E-21,11,1,1.99E-23,2,-110,124
1.32E-23,8,2,1.32E-23,2,-114,124
3.18E-22,11,8.47E-22,1.06E-22,2,-113,124
2.12E-22,8,1,6.35E-22,2,-120,126
5.42E-19,8,6.51E-19,6.51E-19,2,-121,127
5.29E-22,11,3,5.29E-22,2,-113,123
2.65E-23,11,1,4.63E-23,2,-88,119
1.69E-21,8,1.69E-21,4.24E-22,2,-109,121
1.03E-25,11,4,6.62E-24,2,-117,125
6.62E-24,14,10,4,2,-62,114
1,8,2.71E-20,5.42E-20,2,-127,130
1.29E-26,11,3,2.58E-26,2,-112,124
1.06E-22,8,2.12E-22,1.32E-22,2,-120,127
1.32E-23,8,4,6.62E-24,2,-126,129
4.14E-25,11,1,8.27E-24,2,-86,115
5.08E-21,11,1.02E-20,6.78E-21,2,-103,120
1.06E-22,2,1.65E-24,4.96E-24,2,-125,129
3.31E-23,11,2,1.65E-24,2,-128,130
3.39E-21,8,8.47E-22,1.27E-21,2,-120,125
1.29E-25,14,4,1.94E-26,2,-123,122
6.88E-22,11,1,2.12E-22,2,-123,128
8.47E-22,11,1,1.69E-21,2,-154,166
2.12E-22,8,8.47E-22,8.47E-22,2,-155,167
1.73E-18,8,2,7.59E-19,2,-153,169
2.12E-22,11,2,2.12E-22,2,-156,154
1,11,6,8.27E-24,2,-159,122
1.32E-23,11,1,6.62E-23,2,-155,168
1.69E-20,8,4.07E-20,4.74E-20,2,-139,140
1.32E-23,11,1,1.06E-21,2,-150,151
6.46E-27,8,4,3.31E-24,2,-157,164
6.78E-21,8,2.78E-17,1.36E-20,2,-152,156
6.62E-24,5,1,1.06E-22,2,-149,154
2.71E-20,5,1,1.08E-19,2,-153,156
2.12E-21,8,2,6.35E-22,2,-151,157
21,8,1,2.65E-22,2,-154,156
8.47E-21,8,2,1.69E-21,2,-156,165
2.02E-27,11,2,3.31E-23,2,-156,155
1.06E-22,11,1,1.02E-20,2,-147,148
6.46E-27,14,2,6.20E-25,2,-157,166
9,11,3,3.39E-21,2,-159,164
20,11,3,1.06E-22,2,-157,160
8.47E-22,8,3.39E-21,3.39E-21,2,-144,143
5,14,8.67E-19,5.42E-19,2,-145,152
18,11,3,6.78E-21,2,-156,167
6.62E-24,11,5.29E-23,2.65E-23,2,-133,135
1.52E-20,8,2,2.12E-21,2,-144,150
3.39E-21,2,3,8.13E-20,2,-150,157
1.36E-20,11,1,1.08E-19,2,-131,133
1.65E-24,14,5.29E-23,3.31E-24,2,-139,139
1.52E-18,8,1,5.20E-18,2,-130,132
1.69E-21,11,2,1.19E-20,2,-144,150
5.20E-18,11,1,6.94E-18,2,-148,160
5.42E-20,11,4.07E-20,1.69E-20,2,-142,145
1.69E-20,14,1.36E-20,1.19E-20,2,-143,146
4,14,2,1.69E-20,2,-143,150
2,8,2,5.29E-22,2,-134,134
2.17E-19,14,1,6.78E-21,2,-136,139
6.62E-23,14,2,2.65E-23,2,-140,147
2.07E-25,14,2,7.94E-23,2,-143,151
8.47E-21,14,2,4.07E-20,2,-144,160
2.12E-22,11,1,6.78E-21,2,-138,141
1.36E-20,14,2,2.71E-20,2,-140,146
1.65E-24,14,2,8.47E-22,2,-140,146
3.39E-20,8,8.13E-20,1.36E-19,2,-136,140
2.65E-23,11,1,4.24E-21,2,-136,138
2.12E-22,11,1,4.24E-22,2,-136,139
1.73E-18,8,2.17E-19,3.79E-19,2,-135,141
8.27E-24,11,2,1.32E-23,2,-141,147
1.08E-19,11,3,1.73E-18,2,-135,143
1.73E-18,14,1,2.17E-19,2,-133,140
2.17E-18,8,1,4.34E-19,2,-139,151
1.36E-20,8,3,4.74E-20,2,-142,78
3.31E-23,14,6,5.96E-23,2,-136,140
5.29E-23,14,8,6.35E-22,2,-151,167
6.78E-21,14,5,3.25E-19,2,-141,144
2.07E-25,11,2,1.65E-23,2,-144,161
6,14,6,7.94E-23,2,-147,154
3.31E-24,14,6,1.32E-23,2,-147,153
2.07E-25,8,2,1.03E-24,2,-146,161
4.24E-22,11,1,2.12E-22,2,-132,131
1.03E-25,11,8.27E-25,5.17E-25,2,-125,123
5.29E-23,11,2.65E-23,2.32E-23,2,-122,118
4.24E-21,8,2.71E-20,6.78E-21,2,-144,154
6,11,8,3.10E-25,2,-99,76
1.32E-23,11,3,1.65E-24,2,-139,144
7.44E-24,14,6,1.59E-22,2,-139,142
2.65E-23,14,5.29E-23,8.47E-22,2,-115,116
1.03E-24,11,3,2.65E-23,2,-125,122
3.31E-24,14,5.29E-23,6.62E-23,2,-124,110
4.14E-24,14,2,3.97E-23,2,-118,102
7.75E-26,11,0.5,7.24E-25,2,-113,90
40,15,1.14E-13,10,3,-158,-139
48,15,0.25,11,3,-160,170
2,6,14,11,3,-140,127
22,3,13,18,3,-157,155
7,0.09375,19,16,3,-156,167
17,6,20,12,3,-155,173
19,0.1875,22,14,3,-164,172
41,9,22,18,3,-158,172
8,12,23,12,3,-149,161
12,12,23,16,3,-147,161
11,12,23,14,3,-148,157
15,9,19,10,3,-157,172
4,15,25,14,3,-155,163
6,18,24,13,3,-149,161
10,18,25,15,3,-158,163
15,21,24,16,3,-158,164
25,21,25,12,3,-148,156
15,30,23,12,3,-151,168
5,39,23,11,3,-160,133
10,30,24,11,3,-156,175
12,18,27,16,3,-159,161
15,36,23,15,3,-158,168
16,18,23,15,3,-161,168
17,15,25,21,3,-166,174
11,12,22,10,3,-150,174
31,15,24,12,3,-158,167
18,12,20,14,3,-147,164
25,18,24,16,3,-159,165
27,18,23,15,3,-160,172
18,21,25,12,3,-155,173
15,12,20,11,3,-139,170
12,21,23,13,3,-165,-63
5,21,28,16,3,-164,-108
7,15,20,12,3,-156,175
15,21,22,13,3,-155,165
5,21,23,16,3,-162,94
9,15,22,12,3,-154,170
22,18,22,18,3,-152,169
17,15,22,18,3,-158,-71
34,12,22,19,3,-160,-126
10,18,20,13,3,-148,135
12,15,22,12,3,-132,161
72,12,17,19,3,-150,169
11,9,16,15,3,-147,149
25,12,20,13,3,-153,5
24,12,19,11,3,-148,161
19,12,22,15,3,-148,138
53,9,18,13,3,-156,-48
15,15,20,14,3,-133,164
20,15,23,19,3,-165,-121
10,15,18,20,3,-155,9
24,12,19,17,3,-156,171
17,12,20,15,3,-151,171
18,18,20,14,3,-153,127
24,15,16,15,3,-159,-26
7,18,19,17,3,-160,-58
12,18,24,11,3,-114,156
20,18,22,13,3,-151,164
22,18,16,12,3,-125,158
10,18,22,21,3,-163,173
7,18,22,18,3,-155,169
16,21,25,19,3,-162,175
17,18,24,21,3,-159,-106
20,18,20,15,3,-158,-114
21,21,20,14,3,-155,174
14,18,22,16,3,-149,167
20,18,22,18,3,-152,169
17,21,23,14,3,-151,69
20,18,23,19,3,-162,51
18,21,20,17,3,-160,165
8,18,18,19,3,-155,168
7,18,22,16,3,-149,171
3,21,23,19,3,-146,165
6,21,23,15,3,-132,164
3,15,19,10,3,-125,152
2,18,19,20,3,-155,175
0.25,24,23,20,3,-156,165
1,24,22,23,3,-161,7
0.000976563,15,23,13,3,-157,24
0.125,24,27,19,3,-167,-57
24,15,30,29,3,160,164
74,21,32,33,3,129,151
3.1875,24,34,29,3,152,146
2.33E-10,15,33,37,3,167,176
2,21,34,30,3,168,-111
8,21,34,35,3,166,173
22,27,37,37,3,38,176
7,21,35,37,3,173,174
19,12,35,42,3,174,176
37,12,24,34,3,157,165
25,18,24,36,3,168,170
50,15,32,34,3,166,169
37,24,35,48,3,164,79
31,9,20,33,3,-125,-122
50,12,28,34,3,155,-108
25,24,32,35,3,-170,-144
37,27,30,38,3,164,159
43,24,33,35,3,-152,172
43,24,34,38,3,-166,171
37,24,33,32,3,25,78
56,18,32,41,3,98,-7
37,24,33,42,3,168,33
31,18,34,45,3,-134,149
31,21,34,47,3,-136,-45
50,18,34,47,3,7,-87
12,21,28,29,3,-78,174
25,18,24,51,3,52,157
43,15,30,39,3,-21,61
25,21,34,35,3,87,102
50,18,33,31,3,87,125
50,21,30,33,3,-148,-120
43,21,33,32,3,171,-45
56,24,34,36,3,-165,-150
37,21,24,34,3,-163,-140
31,21,19,31,3,-143,-91
31,18,22,36,3,-147,-130
42,18,32,41,3,-73,-147
38,15,29,33,3,-157,-74
27,21,30,36,3,-144,-142
41,15,32,35,3,157,-157
49,21,32,37,3,137,-21
50,21,32,35,3,172,-122
53,21,29,32,3,-42,-154
35,24,33,34,3,172,-125
51,24,38,36,3,175,-135
61,21,33,35,3,168,-160
49,12,35,34,3,127,68
35,12,34,35,3,126,160
63,18,34,30,3,14,54
4.34E-19,3,30,34,3,24,176
31,9,35,35,3,-6,-86
49,15,32,36,3,-154,178
57,15,33,53,3,164,78
53,24,32,40,3,-129,137
36,27,34,44,3,168,165
42,18,30,33,3,-168,178
27,21,23,40,3,129,170
41,21,30,39,3,171,175
46,3,25,32,3,173,-161
56,15,25,39,3,175,-158
43,12,34,35,3,144,116
50,24,34,38,3,172,158
50,18,34,30,3,138,159
57,18,37,47,3,173,-33
41,18,34,36,3,-134,-53
14,18,34,34,3,-119,-2
32,18,35,41,3,-157,-65
100,9,32,33,3,-165,-123
100,3,7,3,3,-141,-130
47,3,7,5,3,-142,-137
26,0.1875,4,5,3,-144,-132
42,1.85E-22,12,1.39E-17,3,-134,-129
45,1.43E-06,17,6,3,-141,-140
25,5.65E-27,9,9,3,-147,-143
23,6.51E-19,10,2,3,-147,-122
23,9.26E-23,7,7,3,-143,-140
40,7,15,8,3,-143,-140
48,8.33E-17,10,7,3,-130,-127
30,0.375,17,11,3,-134,-129
51,7,17,7,3,-149,-144
,,,,7,-78,-7
,,,,7,-84,-3
,,,,7,-81,-7
,,,,7,-74,-7
,,,,7,-73,-15
,,,,7,-69,-13
,,,,7,-61,-15
,,,,7,-64,-18
,,,,7,-65,-11
,,,,7,-66,-14
,,,,7,-66,-21
,,,,7,-62,-8
,,,,7,-64,-13
,,,,7,-61,-20
,,,,7,-61,-17
,,,,7,-118,-55
,,,,7,-76,4
,,,,7,-71,-6
,,,,7,-65,0
,,,,7,-66,0
,,,,7,-80,-14
,,,,7,-78,-1
,,,,7,-68,-10
,,,,7,-68,-7
,,,,7,-68,-8
,,,,7,-109,-55
,,,,7,-76,-11
,,,,7,-86,-11
,,,,7,-85,-7
,,,,7,-85,-12
,,,,7,-76,-17
,,,,7,-85,-8
,,,,7,-77,-8
,,,,7,-78,-7
,,,,7,-69,-13
,,,,7,-80,-13
,,,,7,-71,-7
,,,,7,-61,-26
,,,,7,-110,-1
,,,,7,-77,-18
,,,,7,-87,-15
,,,,7,-55,-60
,,,,7,-76,-4
,,,,7,-75,-3
,,,,7,-70,-26
,,,,7,-59,-30
,,,,7,-67,-18
,,,,7,-63,-23
,,,,7,-60,-20
,,,,7,-65,-22
,,,,7,-59,-38
,,,,7,-57,-28
,,,,7,-62,-15
,,,,7,-65,-24
,,,,7,-74,-15
,,,,7,-54,-26
,,,,7,-72,-13
,,,,7,-87,-14
,,,,7,-77,-11
,,,,7,-79,-4
,,,,7,-96,-14
,,,,7,-103,-24
,,,,7,-97,-21
,,,,7,-85,-15
,,,,7,-77,-17
,,,,7,-83,-13
,,,,7,-82,-13
,,,,7,-77,-28
,,,,7,-82,-20
,,,,7,-83,-20
,,,,7,-79,-4
,,,,7,-74,-10
,,,,7,-70,-15
,,,,7,-142,115
,,,,7,-81,-22
,,,,7,-80,-32
,,,,7,-68,-26
,,,,7,-63,-26
,,,,7,-63,-20
,,,,7,-70,-19
,,,,7,-60,-28
,,,,7,-54,-33
,,,,7,-61,-17
,,,,7,-52,-26
,,,,7,-67,-28
,,,,7,-67,-22
,,,,7,-88,-15
,,,,7,-66,-28
,,,,7,-82,-25
,,,,7,-72,-20
,,,,7,-78,-19
,,,,7,-71,-27
,,,,7,-75,-17
,,,,7,-70,-34
,,,,7,-92,-31
,,,,7,-76,-33
,,,,7,-63,-20
,,,,7,-70,-17
,,,,7,-74,-6
,,,,7,-74,-13
,,,,7,-71,-21
,,,,7,-79,-17
,,,,7,-75,-8
,,,,7,-75,-22
,,,,7,-74,-18
,,,,7,-70,-23
,,,,7,-90,-5
,,,,7,-84,-12
,,,,7,-83,-5
,,,,7,-82,-12
,,,,7,-96,-13
,,,,7,-71,-13
,,,,7,-78,-7
,,,,7,-69,-15
,,,,7,-63,-28
,,,,7,-73,-13
,,,,7,-79,-10
,,,,7,-68,-23
,,,,7,-67,-16
,,,,7,-88,-11
,,,,7,-78,-14
,,,,7,-74,-13
,,,,7,-64,-10
,,,,7,-68,-3
,,,,7,-64,-4
,,,,7,-68,-3
,,,,7,-62,-9
,,,,7,-62,-5
,,,,7,-64,-5
,,,,7,-68,-6
,,,,7,-61,-7
,,,,7,-64,-5
,,,,7,-68,-4
,,,,7,-60,-8
,,,,7,-62,-6
,,,,7,-61,-6
,,,,7,-62,-3
,,,,7,-66,-9
,,,,7,-63,-10
,,,,7,-64,-11
,,,,7,-63,-13
,,,,7,-65,-5
,,,,7,-56,-5
,,,,7,-65,-4
,,,,7,-67,-7
,,,,7,-68,-5
,,,,7,-77,-1
,,,,7,-73,-5
,,,,7,-72,-4
,,,,7,-65,-4
,,,,7,-79,-5
,,,,7,-70,-4
,,,,7,-73,-3
,,,,7,-73,-8
,,,,7,-65,-9
,,,,7,-67,-10
,,,,7,-61,-4
,,,,7,-66,-8
,,,,7,-62,-8
,,,,7,-59,-5
,,,,10,-118,123
,,,,10,-124,122
,,,,10,-105,58
,,,,10,-111,41
,,,,10,-98,38
,,,,10,-113,69
,,,,10,-112,92
,,,,10,-117,101
,,,,10,-133,120
,,,,10,-124,101
,,,,10,-104,70
,,,,10,-113,47
,,,,10,-123,91
,,,,10,-122,87
,,,,10,-117,86
,,,,10,-121,95
,,,,10,-107,94
,,,,10,-116,93
,,,,10,-100,82
,,,,10,-89,51
,,,,10,-116,67
,,,,10,-92,47
,,,,10,-92,42
,,,,10,-106,20
,,,,10,-107,76
,,,,10,-110,90
,,,,10,-125,78
,,,,10,-131,47
,,,,10,-122,-3
,,,,10,-134,103
,,,,10,-119,75
,,,,10,-139,85
,,,,10,-129,79
,,,,10,-127,33
,,,,10,-126,95
,,,,10,-110,35
,,,,10,-112,85
,,,,10,-108,78
,,,,10,-102,55
,,,,10,-96,51
,,,,10,-121,89
,,,,10,-113,40
,,,,10,-110,36
,,,,10,-119,43
,,,,10,-95,36
,,,,10,-98,21
,,,,10,-118,11
,,,,10,-97,62
,,,,10,-87,34
,,,,10,-105,13
,,,,10,-71,62
,,,,10,-106,5
,,,,10,-82,43
,,,,10,-77,53
,,,,10,-91,60
,,,,10,-80,84
,,,,10,-111,84
,,,,10,-105,74
,,,,10,-124,108
,,,,10,-116,66
,,,,10,-118,104
,,,,10,-109,83
,,,,10,-88,62
,,,,10,-92,92
,,,,10,-93,78
,,,,10,-107,73
,,,,10,-115,12
,,,,10,-117,34
,,,,10,-112,86
,,,,10,-127,72
,,,,10,-122,60
,,,,10,-107,82
,,,,10,-125,107
,,,,10,-102,90
,,,,10,-114,108
,,,,10,-112,85
,,,,10,-73,75
,,,,10,-81,94
,,,,10,-114,110
,,,,10,-122,73
,,,,10,-69,6
,,,,10,-117,32
,,,,10,-120,49
,,,,10,-127,95
,,,,10,-82,126
,,,,10,-135,43
,,,,10,-139,67
,,,,10,-122,55
,,,,10,-119,60
,,,,10,-153,97
,,,,10,-133,93
,,,,10,-140,100
,,,,10,-161,138
,,,,10,-112,-8
,,,,10,-139,33
,,,,10,-147,37
,,,,10,-131,61
,,,,10,-129,91
,,,,10,-132,58
,,,,10,-128,69
,,,,10,-156,124
,,,,10,-127,22
,,,,10,-134,63
,,,,10,-127,52
,,,,10,-158,121
,,,,10,-152,104
,,,,10,-123,94
,,,,10,-154,80
,,,,10,-127,11
,,,,10,-143,87
,,,,10,-159,132
,,,,10,-135,47
,,,,10,-155,123
,,,,10,-144,91
,,,,10,-121,63
,,,,10,-128,104
,,,,10,-151,91
,,,,10,-123,-2
,,,,10,-101,-19
,,,,10,-122,-2
,,,,10,-160,103
,,,,10,-147,81
,,,,10,-104,89
,,,,10,-138,52
,,,,10,-129,30
,,,,10,-159,70
,,,,10,-166,96
,,,,10,-161,-72
,,,,10,-122,-11
,,,,10,-139,51
,,,,10,-113,-4
,,,,10,-111,-12
,,,,10,-127,42
,,,,10,-106,-14
,,,,10,-113,42
,,,,10,-105,100
,,,,10,-130,66
,,,,10,-116,89
,,,,10,-127,84
,,,,10,-132,89
,,,,10,-117,80
,,,,10,-107,35
,,,,10,-83,8
,,,,10,-117,37
,,,,10,-79,-26
,,,,10,-114,-12
,,,,10,-101,3
,,,,10,-109,5
,,,,10,-115,56
,,,,10,-95,1
,,,,10,-120,20
,,,,10,-129,91
,,,,10,-117,103
,,,,10,-93,81
,,,,10,-22,102
,,,,10,-89,38
,,,,10,-98,41
,,,,10,-101,14
,,,,10,-75,47
,,,,10,-104,37
,,,,16,-41,-105
,,,,16,-53,-106
,,,,16,-52,-106
,,,,16,-26,-104
,,,,16,-28,-110
,,,,16,-44,-110
,,,,16,-129,-136
,,,,16,-120,-127
,,,,16,-63,-115
,,,,16,-98,-112
,,,,16,-37,-99
,,,,16,-87,-84
,,,,16,-47,-96
,,,,16,-70,-108
,,,,16,-42,-97
,,,,16,-54,-101
,,,,16,-46,-103
,,,,16,-33,-105
,,,,16,-40,-75
,,,,16,-56,-62
,,,,16,-33,-87
,,,,16,-51,-82
,,,,16,-57,-84
,,,,16,-52,-89
,,,,16,-60,-82
,,,,16,-50,-79
,,,,16,-37,-95
,,,,16,-50,-83
,,,,16,-24,-95
,,,,16,-25,-104
,,,,16,-36,-105
,,,,16,-37,-106
,,,,16,-29,-106
,,,,16,-67,-110
,,,,16,-23,-97
,,,,16,-16,-98
,,,,16,-28,-97
,,,,16,-24,-100
,,,,16,-21,-98
,,,,16,-23,-107
,,,,16,-17,-99
,,,,16,-19,-100
,,,,16,-24,-99
,,,,16,-29,-99
,,,,16,-21,-106
,,,,16,-34,-104
,,,,16,-32,-107
,,,,16,-42,-107
,,,,16,-39,-101
,,,,16,-167,510
,,,,16,-61,-121
,,,,16,-29,-92
,,,,16,-34,-83
,,,,16,-46,-76
,,,,16,-38,-84
,,,,16,-40,-92
,,,,16,-55,-84
,,,,16,-32,-88
,,,,16,-58,-81
,,,,16,-50,-92
,,,,16,-45,-102
,,,,16,-49,-97
,,,,16,-52,-102
,,,,16,-74,-102
,,,,16,-33,-84
,,,,16,-31,-88
,,,,16,3,-56
,,,,16,5,-72
,,,,16,6,-56
,,,,16,0,-69
,,,,16,5,-68
,,,,16,2,-70
,,,,16,1,-78
,,,,16,2,-73
,,,,16,4,-72
,,,,16,7,-64
,,,,16,0,-81
,,,,16,-2,-71
,,,,16,-6,-75
,,,,16,-27,-88
,,,,16,-3,-88
,,,,16,-2,-87
,,,,16,-3,-91
,,,,16,-5,-87
,,,,16,2,-78
,,,,16,-2,-72
,,,,16,3,-75
,,,,16,-12,-104
,,,,16,-4,-95
,,,,16,6,-13
,,,,16,7,-41
,,,,16,6,-54
,,,,16,9,-51
,,,,16,10,-54
,,,,16,5,-53
,,,,16,5,-55
,,,,16,5,-71
,,,,16,5,-65
,,,,16,2,-63
,,,,16,5,-64
,,,,16,3,-54
,,,,16,4,-60
,,,,16,4,-60
,,,,16,5,-63
,,,,16,0,-69
,,,,16,3,-71
,,,,16,3,-67
,,,,16,4,-55
,,,,16,4,-67
,,,,16,3,-63
,,,,16,3,-69
,,,,16,3,-78
,,,,16,2,-74
,,,,16,1,-65
,,,,16,2,-69
,,,,16,1,-73
,,,,16,5,-67
,,,,16,1,-80
,,,,16,3,-77
,,,,16,0,-82
,,,,16,5,-65
,,,,16,3,-65
,,,,16,3,-64
,,,,16,6,-59
,,,,16,8,-55
,,,,16,4,-66
,,,,16,1,-72
,,,,16,4,-65
,,,,16,7,-71
,,,,16,5,-83
,,,,16,0,-74
,,,,16,2,-65
,,,,16,2,-72
,,,,16,4,-67
,,,,16,1,-73
,,,,16,5,-61
,,,,16,-5,-57
,,,,16,4,-78
,,,,16,0,-81
,,,,16,0,-77
,,,,16,2,-75
,,,,16,0,-73
,,,,16,-2,-73
,,,,16,-8,-65
,,,,16,2,-73
,,,,16,-3,-79
,,,,16,-4,-70
,,,,16,-1,-78
,,,,16,0,-82
,,,,16,-2,-89
,,,,16,-6,-86
,,,,16,-4,-83
,,,,16,-1,-78
,,,,16,-8,-82
,,,,16,-10,-68
,,,,16,-5,-74
,,,,16,-6,-68
,,,,16,-5,-82
,,,,16,-4,-71
,,,,16,-7,-83
,,,,26,-7,-66
,,,,26,-43,-44
,,,,26,0,-49
,,,,26,13,-68
,,,,26,-10,-93
,,,,26,-19,-87
,,,,26,-22,-98
,,,,26,-47,-119
,,,,26,-39,-108
,,,,26,-42,-95
,,,,26,-54,-101
,,,,26,-43,-115
,,,,26,-34,-94
,,,,26,-40,-103
,,,,26,-73,-100
,,,,26,-89,-112
,,,,26,-46,-104
,,,,26,-69,-98
,,,,26,-41,-89
,,,,26,-20,-96
,,,,26,-43,-101
,,,,26,-15,-96
,,,,26,-32,-92
,,,,26,-14,-91
,,,,26,-1,-116
,,,,26,-16,-87
,,,,26,10,-111
,,,,26,-38,-95
,,,,26,-68,-125
,,,,26,-63,-97
,,,,26,-56,-91
,,,,26,-33,-80
,,,,26,-32,-92
,,,,26,25,-128
,,,,26,12,-99
,,,,26,-65,-120
,,,,26,-7,-108
,,,,26,-28,-97
,,,,26,3,-120
,,,,26,-38,-106
,,,,26,-37,-105
,,,,26,13,-112
,,,,26,-20,-104
,,,,26,-16,-94
,,,,26,-26,-101
,,,,26,-45,-123
,,,,26,-18,-123
,,,,26,-58,-109
,,,,26,-50,-109
,,,,26,-31,-102
,,,,26,-14,-93
,,,,26,-8,-106
,,,,26,-29,-97
,,,,26,-24,-92
,,,,26,-24,-91
,,,,26,-14,-94
,,,,26,-20,-96
,,,,26,-39,-96
,,,,26,-32,-120
,,,,26,-31,-124
,,,,26,11,-129
,,,,26,-70,-128
,,,,26,-45,-103
,,,,26,-28,-123
,,,,26,-50,-124
,,,,26,-30,-96
,,,,26,-62,-98
,,,,26,-40,-100
,,,,26,-52,-72
,,,,26,-26,-77
,,,,26,6,-90
,,,,26,-5,-87
,,,,26,-15,-92
,,,,26,-9,-90
,,,,26,-11,-95
,,,,26,-11,-88
,,,,26,-8,-75
,,,,26,-41,-85
,,,,26,-8,-97
,,,,26,-15,-95
,,,,26,1,-101
,,,,26,-7,-91
,,,,26,-13,-67
,,,,26,6,-103
,,,,26,-9,-69
,,,,26,3,-99
,,,,26,10,-97
,,,,26,-120,46
,,,,26,-5,5
,,,,26,-18,-89
,,,,26,-12,-108
,,,,26,0,-108
,,,,26,-15,-99
,,,,26,-25,-89
,,,,26,-35,-108
,,,,26,-25,-74
,,,,26,-15,-103
,,,,26,-36,-97
,,,,26,-7,-99
,,,,26,-11,-80
,,,,26,-26,-82
,,,,26,-10,-78
,,,,26,-20,-99
,,,,26,-22,-112
,,,,26,-28,-93
,,,,26,-13,-109
,,,,26,-9,-111
,,,,26,16,-122
,,,,26,-1,-106
,,,,26,-4,-108
,,,,26,-62,-93
,,,,26,-23,-102
,,,,26,-4,-99
,,,,26,-40,-103
,,,,26,-10,-105
,,,,26,-7,-107
,,,,26,0,-103
,,,,26,-26,-96
,,,,26,-14,-107
,,,,26,-14,-104
,,,,26,-72,-66
,,,,26,-19,-95
,,,,26,-51,-83
,,,,26,-13,-80
,,,,26,-16,-84
,,,,26,-1,-98
,,,,26,-5,-103
,,,,26,-10,-96
,,,,26,-23,-68
,,,,26,-2,-86
,,,,26,-7,-96
,,,,26,-25,-96
,,,,26,-2,-114
,,,,26,-23,-115
,,,,26,-47,-92
,,,,26,-43,-88
,,,,26,-23,-92
,,,,26,14,-100
,,,,26,39,-110
,,,,26,3,-112
,,,,26,-2,-105
,,,,26,71,-119
,,,,26,-37,-102
,,,,26,3,-97
,,,,26,0,-103
,,,,26,-13,-91
,,,,26,-19,-83
,,,,26,12,-110
,,,,26,-25,-89
,,,,26,-24,-110
,,,,26,5,-100
,,,,26,-20,-79
,,,,26,-14,-79
,,,,26,-74,-47
,,,,26,-15,-73
,,,,26,-36,-66
,,,,26,-20,-94
,,,,26,-71,-77
,,,,26,44,-99
,,,,26,56,-97
,,,,18,-78,109
,,,,18,-104,121
,,,,18,-96,115
,,,,18,-86,104
,,,,18,-94,88
,,,,18,-104,121
,,,,18,-83,97
,,,,18,-81,110
,,,,18,-65,97
,,,,18,-80,95
,,,,18,-64,94
,,,,18,-61,86
,,,,18,-75,91
,,,,18,-84,104
,,,,18,-65,92
,,,,18,-44,86
,,,,18,-47,74
,,,,18,-48,89
,,,,18,-36,96
,,,,18,-57,93
,,,,18,-53,91
,,,,18,-67,96
,,,,18,-54,84
,,,,18,-59,86
,,,,18,-71,91
,,,,18,-84,99
,,,,18,-49,75
,,,,18,-70,96
,,,,18,-94,102
,,,,18,-87,101
,,,,18,-62,96
,,,,18,-90,109
,,,,18,-91,102
,,,,18,-71,97
,,,,18,-81,95
,,,,18,-78,81
,,,,18,-105,109
,,,,18,-94,104
,,,,18,-70,91
,,,,18,-92,96
,,,,18,-97,111
,,,,18,-61,96
,,,,18,-100,101
,,,,18,-89,100
,,,,18,-76,96
,,,,18,-74,93
,,,,18,-82,95
,,,,18,-63,82
,,,,18,-87,94
,,,,18,-97,108
,,,,18,-91,101
,,,,18,-88,98
,,,,18,-93,96
,,,,18,-98,106
,,,,18,-87,96
,,,,18,-98,101
,,,,18,-88,101
,,,,18,-115,112
,,,,18,-90,78
,,,,18,-66,79
,,,,18,-111,98
,,,,18,-80,66
,,,,18,-62,106
,,,,18,-58,93
,,,,18,-45,102
,,,,18,-68,121
,,,,18,-63,109
,,,,18,-93,109
,,,,18,-102,114
,,,,18,-70,110
,,,,18,-38,98
,,,,18,-54,101
,,,,18,-74,114
,,,,18,-66,107
,,,,18,-110,101
,,,,18,-35,79
,,,,18,-47,99
,,,,18,-80,109
,,,,18,-92,106
,,,,18,-46,86
,,,,18,-141,139
,,,,18,-121,129
,,,,18,-88,126
,,,,18,-86,114
,,,,18,-111,125
,,,,18,-111,124
,,,,18,-87,121
,,,,18,-92,127
,,,,18,-120,129
,,,,18,-62,115
,,,,18,-120,128
,,,,18,-121,125
,,,,18,-78,116
,,,,18,-94,113
,,,,18,-79,116
,,,,18,-80,113
,,,,18,-53,99
,,,,18,-76,110
,,,,18,-51,113
,,,,18,-78,114
,,,,18,-84,122
,,,,18,-57,116
,,,,18,-99,117
,,,,18,-91,121
,,,,18,-115,126
,,,,18,-139,139
,,,,18,-96,122
,,,,18,-98,121
,,,,18,-99,116
,,,,18,-68,116
,,,,18,-104,117
,,,,18,-110,120
,,,,18,-94,116
,,,,18,-106,123
,,,,18,-103,121
,,,,18,-124,129
,,,,18,-124,129
,,,,18,-105,120
,,,,18,-99,121
,,,,18,-92,121
,,,,18,-113,122
,,,,18,-129,131
,,,,18,-126,132
,,,,18,-127,133
,,,,18,-52,104
,,,,18,-65,107
,,,,18,-63,104
,,,,18,-125,130
,,,,18,-129,131
,,,,18,-127,133
,,,,18,-146,144
,,,,18,-72,127
,,,,18,-94,119
,,,,18,-100,117
,,,,18,-95,119
,,,,18,-124,128
,,,,18,-119,124
,,,,18,-110,124
,,,,18,-89,120
,,,,18,-107,123
,,,,18,-120,126
,,,,18,-85,116
,,,,18,-107,123
,,,,18,-102,119
,,,,18,-107,124
,,,,18,-115,126
,,,,18,-112,125
,,,,18,-89,116
,,,,18,-125,128
,,,,18,-107,118
,,,,18,-109,127
,,,,18,-126,131
,,,,18,-92,125
,,,,18,-111,127
,,,,18,-120,130
,,,,18,-124,132
,,,,18,-115,126
,,,,18,-35,108
,,,,18,-101,118
,,,,18,-77,113
