F1,F2,F3,F4,X,Y,TARGET
100,96,100,86,3,8,1
88,100,100,83,0,0,1
77,100,100,90,3,-1,1
98,100,100,88,0,4,1
95,100,100,86,0,-1,1
88,90,100,77,0,-5,1
95,90,100,81,4,-6,1
90,96,100,84,2,-4,1
100,96,100,81,1,-10,1
97,93,100,82,4,-8,1
90,96,100,81,-2,-3,1
100,93,100,83,1,-9,1
86,96,100,81,0,-13,1
75,100,100,76,2,-11,1
76,93,100,80,1,-8,1
97,90,97,79,0,-10,1
91,96,100,78,0,-6,1
100,93,100,80,0,-9,1
93,96,100,81,0,-5,1
100,100,100,82,2,-3,1
84,93,100,79,0,-8,1
79,96,100,81,0,-9,1
72,90,100,78,2,-9,1
77,90,100,82,2,-9,1
78,93,100,82,4,-2,1
75,96,100,80,0,1,1
91,100,100,88,0,3,1
72,100,100,89,1,1,1
78,100,100,86,2,0,1
97,100,100,84,4,-1,1
72,100,100,85,1,0,1
88,100,100,89,5,3,1
84,96,100,88,5,1,1
91,93,100,86,3,0,1
83,96,100,89,4,3,1
76,100,100,88,6,-2,1
86,100,100,86,9,-1,1
81,100,100,81,8,1,1
73,100,100,87,6,-1,1
87,100,100,85,7,-4,1
100,100,100,85,9,-4,1
100,100,100,87,10,0,1
100,100,100,86,7,1,1
88,100,100,74,8,1,1
75,100,100,72,6,-3,1
86,100,100,76,6,-4,1
95,100,100,81,2,-4,1
88,100,100,73,2,-4,1
75,100,100,80,4,-5,1
87,100,100,79,5,-7,1
88,100,100,78,5,-7,1
76,100,100,77,4,-7,1
80,100,100,76,2,-5,1
77,100,100,80,10,-9,1
77,100,100,80,11,-6,1
100,100,100,79,7,-3,1
73,100,100,80,10,1,1
80,100,100,79,10,-9,1
73,100,100,80,8,-6,1
88,100,100,78,10,-7,1
79,100,100,87,8,-6,1
83,100,100,71,10,-7,1
90,100,100,78,8,-3,1
79,100,100,73,11,-12,1
79,100,100,79,10,-5,1
75,100,100,77,7,-7,1
84,100,100,79,11,-3,1
77,100,100,73,10,-7,1
84,100,100,81,9,-11,1
87,100,100,79,11,-5,1
90,100,100,78,8,-13,1
81,100,100,86,7,-8,1
83,100,100,77,7,-7,1
81,100,100,83,9,-5,1
87,96,100,83,8,-8,1
86,100,100,83,7,-5,1
75,100,100,76,4,-3,1
83,100,100,86,5,-10,1
79,100,100,76,6,0,1
83,100,100,81,4,-5,1
73,100,100,83,6,0,1
77,100,100,83,6,3,1
80,100,100,85,6,-4,1
80,100,100,76,11,-5,1
77,100,97,82,15,0,1
79,100,100,79,9,1,1
79,100,100,81,9,-2,1
81,100,100,74,6,-1,1
70,100,100,81,7,-3,1
86,100,100,81,5,-1,1
70,100,100,71,14,-4,1
73,100,100,83,14,0,1
79,100,100,81,16,-2,1
86,100,100,82,11,-5,1
93,100,100,76,9,-5,1
83,100,100,77,13,-2,1
100,100,100,79,10,-2,1
95,100,100,83,10,-3,1
83,100,100,81,10,-2,1
90,100,100,76,7,-1,1
76,100,100,77,8,-1,1
94,100,100,78,11,3,1
83,100,100,81,8,0,1
76,100,100,71,10,1,1
80,100,100,79,11,0,1
76,100,100,81,8,1,1
86,100,100,84,12,0,1
79,100,100,86,12,-4,1
91,100,100,77,8,2,1
79,100,100,82,12,2,1
72,100,100,81,11,5,1
75,93,100,80,12,2,1
75,100,100,82,14,3,1
75,100,100,83,14,3,1
75,93,100,88,13,-3,1
73,100,100,94,14,-1,1
73,100,100,84,18,0,1
87,100,100,83,11,-3,1
81,100,100,83,12,-3,1
91,100,100,83,9,-7,1
94,100,100,81,15,0,1
81,100,100,86,8,-8,1
91,100,100,84,13,-2,1
94,100,100,83,9,-4,1
73,100,100,84,7,-4,1
84,100,100,85,10,-3,1
95,100,100,88,7,-6,1
76,100,100,84,8,-4,1
80,93,97,78,7,-11,1
80,90,98,81,10,-6,1
80,90,97,84,12,-10,1
84,96,100,84,11,-3,1
77,96,100,79,8,-6,1
91,100,100,76,8,-8,1
93,93,100,79,10,-9,1
73,90,100,78,10,5,1
79,96,100,79,12,-2,1
70,96,100,84,13,-1,1
83,100,100,84,12,-5,1
73,100,100,82,14,-3,1
88,100,100,86,17,-4,1
94,100,100,84,17,-5,1
83,100,100,85,11,-2,1
83,100,100,78,10,-2,1
83,100,100,80,8,-7,1
80,96,100,73,8,-5,1
73,100,100,82,11,-4,1
83,100,100,76,7,-3,1
75,100,100,79,12,-4,1
81,100,100,84,10,-7,1
80,100,100,83,12,-7,1
87,100,100,79,9,2,1
83,96,100,81,8,-1,1
77,96,100,73,11,2,1
73,90,100,84,13,0,1
83,100,100,81,13,0,1
81,96,100,81,13,0,1
83,96,100,84,5,-6,1
81,100,100,81,11,2,1
76,100,100,78,4,-6,1
2,33,8.33E-17,4.55E-13,-158,162,2
2,39,0.25,1.42E-14,-161,163,2
5,2.50E-12,12,3,-166,161,2
9,14,20,6,-166,164,2
11,41,18,6,-163,158,2
7,1.15E-07,13,6,-170,158,2
9,8.15E-09,13,7,-168,162,2
10,37,18,9,-168,157,2
12,43,20,6,-144,162,2
13,20,0.25,11,-159,164,2
11,43,16,7,-161,158,2
9,37,1.73E-18,4,28,157,2
9,41,7,7,-151,158,2
11,43,18,9,-150,160,2
12,43,18,12,-172,161,2
11,1.03125,18,8,-170,167,2
9,41,9,9,101,154,2
10,8,12,9,-105,158,2
10,41,23,9,-167,157,2
13,8,19,11,-169,166,2
9,33,14,9,-169,160,2
11,41,20,8,-169,167,2
7,22,28,9,-169,-167,2
10,43,25,9,-167,-160,2
11,41,27,9,-167,-131,2
7,3.49E-10,18,6,-163,167,2
9,14,14,6,-162,172,2
9,39,27,6,-166,174,2
13,43,22,11,-168,165,2
11,29,29,10,-169,168,2
14,25,28,12,-169,166,2
14,8.68E-21,20,13,-166,168,2
12,43,14,13,-166,159,2
13,31,23,13,-166,167,2
13,6,24,14,-164,162,2
14,33,4,14,-166,163,2
13,43,11,15,-168,177,2
15,35,23,15,-170,164,2
17,37,14,20,-112,159,2
17,43,32,15,-168,171,2
7,1,16,10,-171,164,2
13,43,17,15,-160,156,2
17,43,18,15,-167,164,2
15,41,17,15,-163,160,2
13,39,19,14,-172,163,2
17,43,14,17,-171,170,2
9,37,18,9,-172,168,2
7,41,13,11,-111,173,2
13,43,20,15,-168,-162,2
12,41,4,11,-163,175,2
18,41,9,15,-108,166,2
18,33,11,14,-165,169,2
17,43,25,15,-170,163,2
18,35,19,18,-164,163,2
21,43,9,19,-170,163,2
22,43,24,15,-171,172,2
19,29,4.63E-23,18,-100,174,2
21,29,12,19,-172,148,2
19,6,6,12,-166,157,2
17,43,7,12,-140,167,2
14,39,19,15,171,161,2
12,27,18,11,150,149,2
18,41,24,18,159,162,2
25,43,16,15,147,159,2
18,31,14,16,-165,-159,2
17,27,19,15,-165,50,2
18,43,27,17,-169,173,2
18,27,16,16,-170,140,2
17,43,12,18,-128,171,2
20,14,25,17,-72,170,2
21,29,9,23,-165,169,2
18,18,29,18,-95,166,2
18,0.00378418,17,17,-121,162,2
18,33,9,18,11,161,2
25,43,11,20,121,167,2
19,43,4,17,-151,171,2
17,43,34,13,-138,168,2
20,43,33,17,-54,167,2
21,43,27,17,-160,169,2
21,43,29,20,-169,171,2
14,43,22,10,45,159,2
18,43,29,18,-160,171,2
10,1.43E-17,22,19,-165,167,2
21,22,34,18,-163,161,2
20,14,14,18,-141,167,2
20,0.00088501,19,20,-166,163,2
23,39,27,24,-170,163,2
18,22,34,18,-165,161,2
27,43,25,20,-169,157,2
23,0.046875,28,20,-166,170,2
28,39,32,22,-165,164,2
28,39,30,25,167,158,2
28,41,30,22,-145,164,2
32,17.5,30,25,-56,162,2
31,31,29,24,-140,165,2
37,43,37,30,-149,163,2
34,9.30E-06,27,25,-168,167,2
30,0.002441406,32,33,-156,172,2
28,43,23,22,-161,168,2
23,27,29,21,-165,161,2
23,8.61E-09,24,22,86,162,2
27,0.5625,22,18,-145,154,2
30,10.25,30,20,-120,160,2
25,0.021972656,27,16,-156,154,2
27,22,33,22,-167,170,2
19,29,34,24,-158,156,2
25,29,38,22,-160,156,2
30,29,19,32,-170,166,2
30,39,33,27,-166,164,2
31,43,19,27,-164,168,2
29,35,19,27,-167,166,2
26,37,28,25,-169,170,2
27,37,28,22,-144,165,2
30,14,17,32,-163,136,2
31,2,23,31,-166,167,2
39,41,30,33,-154,164,2
29,3.64E-12,29,37,-164,170,2
31,4,35,34,-167,168,2
27,43,38,29,-152,167,2
30,41,33,27,-145,170,2
30,27,8,27,-164,170,2
27,27,25,19,-165,171,2
29,12,22,25,-163,174,2
23,8,22,20,-158,164,2
23,8.25,17,18,-149,169,2
31,43,30,22,-163,167,2
28,22,28,25,-168,167,2
27,37,27,25,-154,159,2
30,43,33,25,-166,168,2
30,22,37,25,-166,168,2
29,43,40,26,-165,171,2
26,29,37,18,-159,173,2
38,0.018066406,34,33,-162,165,2
21,33,34,20,-119,162,2
15,39,19,18,45,170,2
23,43,28,25,-162,165,2
31,20,38,22,-160,171,2
19,10.25,30,18,-158,167,2
26,29,35,25,-163,165,2
26,27,37,25,-105,167,2
25,43,35,29,-167,168,2
20,33,33,27,-157,171,2
29,29,34,29,-169,170,2
28,8.58E-06,35,34,-166,169,2
25,29,29,28,-162,173,2
27,22,35,34,-167,173,2
22,2.91E-13,30,25,-168,175,2
23,43,32,25,-149,144,2
22,39,30,21,-163,168,2
28,18,37,27,-159,164,2
25,0.13671875,34,17,-109,158,2
32,8,40,28,-154,165,2
32,43,28,27,-164,164,2
28,41,34,28,-165,168,2
31,43,35,22,-129,157,2
32,43,34,24,-147,164,2
31,43,30,25,-147,161,2
38,27,32,26,-150,160,2
26,39,35,23,-156,153,2
26,27,34,22,-161,168,2
6,0.1875,7,2,-149,-135,3
6,3,0.000244141,3,-132,-120,3
5,3,7,3,-141,-130,3
16,3,7,5,-142,-137,3
15,1.85E-22,12,1.39E-17,-134,-129,3
2,5.65E-27,9,9,-147,-143,3
1.53E-05,6.51E-19,10,2,-147,-122,3
8,9.26E-23,7,7,-143,-140,3
11,7,15,8,-143,-140,3
15,0.375,17,11,-134,-129,3
13,1.19E-20,15,13,-138,-136,3
14,4.96E-24,15,15,-125,-121,3
22,8.13E-20,15,10,-131,-124,3
20,0.375,9,11,-142,-142,3
22,3,14,10,-120,-118,3
37,8.08E-27,15,8,-122,-122,3
22,5.08E-21,17,11,-123,-108,3
27,3,18,16,-124,-119,3
4,1.30E-18,15,11,-138,-119,3
5,3.62E-25,20,18,-144,-151,3
5,0.375,31,21,-152,-158,3
12,2.83E-27,23,16,-135,-133,3
6,5.20E-18,7,12,-142,-120,3
4,3,6,18,-128,-121,3
7,1.94E-26,12,24,-144,-144,3
7,4.96E-24,12,22,-139,-135,3
3,0.09375,12,23,-140,-137,3
9,3,21,27,-146,-139,3
5,1.94E-26,14,20,-144,-139,3
12,1.5,7,24,-149,-151,3
6,3,12,17,-140,-136,3
5.55E-17,3,15,30,-155,-154,3
2.78E-17,3,15,23,-141,-136,3
1,3,17,24,-152,-145,3
8,3,20,26,-157,-154,3
5,4.63E-23,15,21,-151,-145,3
1,3,21,22,-155,-151,3
1,7,21,22,-149,-149,3
4,7,18,16,-158,-158,3
12,7,25,21,-151,-150,3
14,3,23,15,-136,-134,3
19,3,21,27,-154,-150,3
30,0.01171875,17,4,-142,-142,3
20,7,21,24,-152,-143,3
30,3.97E-23,21,31,-150,-148,3
20,9.69E-27,17,30,-157,-163,3
27,3,20,21,-139,-135,3
36,7,23,25,-153,-145,3
58,1.24E-24,21,10,-132,-125,3
23,0.0234375,7,16,-128,-122,3
16,9.05E-26,14,23,-143,-140,3
16,5.93E-21,12,23,-138,-129,3
7,1.5,9,23,-146,-136,3
12,2.03E-20,14,29,-158,153,3
12,1.19E-20,12,25,-148,-141,3
17,2.37E-20,14,29,-143,-141,3
15,3,14,25,-148,-146,3
15,4.14E-24,10,23,-129,-128,3
21,5.79E-24,14,7,-120,-116,3
27,0.09375,23,19,-122,-107,3
48,3,20,13,-136,-127,3
24,1.94E-26,20,5,-128,-125,3
4,10,14,20,-117,-119,3
24,7,20,11,-103,-100,3
1,0.0234375,20,20,-140,-132,3
7.45E-08,0.75,31,15,-156,-150,3
2,8.13E-20,23,22,-148,-127,3
9,3,17,29,-160,-152,3
6,7,15,28,-141,-135,3
25,3,12,28,-153,-146,3
24,3.97E-23,18,23,-142,-119,3
16,1.81E-25,14,21,-144,-141,3
11,7.94E-23,18,15,-149,-139,3
16,6.20E-25,7,16,-152,-140,3
2,3.71E-22,18,25,-145,-137,3
22,1.19E-20,17,45,-153,-142,3
17,1.94E-26,17,14,-151,-144,3
41,4.07E-20,15,32,-165,-150,3
4,3.79E-19,20,32,-152,-150,3
6,3.23E-26,23,33,-159,-154,3
10,3.62E-25,18,12,-139,-133,3
15,1.16E-23,20,12,-150,-140,3
15,9.16E-05,34,11,-150,-135,3
5,6.20E-25,25,19,-154,-142,3
10,1.27E-21,20,16,-146,-137,3
12,1.90E-19,28,28,-152,-132,3
15,0.0234375,25,16,-140,-135,3
16,1.85E-22,25,24,-150,-142,3
11,1.24E-24,18,16,-156,-144,3
31,5.17E-25,25,19,-153,-143,3
18,6.20E-25,23,16,-146,-135,3
27,4.04E-27,25,14,-144,-136,3
18,1.41E-27,32,28,-154,-154,3
5,4.16E-17,23,28,-154,-128,3
7,2.96E-21,17,25,-160,-155,3
15,5.79E-24,26,32,-165,-149,3
22,3.10E-25,29,20,-155,-140,3
34,8.27E-24,23,25,-142,-138,3
72,9.26E-23,29,27,-132,-124,3
11,3,31,31,-143,-140,3
24,8.73E-11,31,18,-129,-128,3
53,4.24E-21,28,21,-126,-122,3
20,1.24E-24,23,16,-131,-125,3
10,3.10E-25,21,16,-138,-129,3
18,5.17E-25,29,27,-139,-136,3
24,1.81E-25,28,30,-138,-135,3
11,4.85E-27,28,23,-128,-126,3
7,3,29,34,-155,-153,3
20,6.78E-20,29,33,-154,-138,3
21,1.59E-22,23,31,-143,-138,3
14,1.81E-25,28,32,-159,-150,3
17,3.31E-23,29,31,-147,-135,3
18,2.26E-26,26,35,-153,-150,3
8,6.98E-10,20,29,-149,-151,3
3,0.09375,25,33,-155,-148,3
6,3,29,27,-152,-145,3
3,1.24E-24,32,33,-146,-141,3
0.25,3,25,36,-155,-150,3
0.000976563,0.1875,26,37,-154,-150,3
57,3.71E-22,32,35,-148,-136,3
8,6.35E-22,18,26,-150,-143,3
5,1.45E-24,25,40,-154,-146,3
15,5.08E-21,20,33,-149,-129,3
17,7.75E-26,18,10,-132,-121,3
34,1.24E-14,25,36,-139,-24,3
42,3.79E-19,28,43,-150,-135,3
38,4.85E-27,28,9,-122,-119,3
41,2.32E-23,23,9,-122,-113,3
13,2.03E-20,23,30,-140,-129,3
7,1.30E-18,28,26,-120,-115,3
42,1.11E-15,18,7,-127,-98,3
0.03125,1.5,26,26,-120,-110,3
8,2.60E-18,26,27,-132,-120,3
28,5.33E-15,26,24,-131,-98,3
14,4.74E-20,25,21,-82,-94,3
2,5.08E-21,25,27,-111,-115,3
7,8.13E-20,23,17,-121,-119,3
0.0078125,14,40,41,-158,-145,3
47,8.13E-20,28,15,-122,-116,3
10,2.54E-21,10,12,-144,-147,3
14,7,9,12,-133,-130,3
28,2.58E-25,15,13,-113,-112,3
30,0.09375,17,14,-117,-111,3
40,3,18,15,-117,-112,3
10,3,17,20,-151,-155,3
27,3,20,21,-139,-135,3
11,9.69E-27,10,6,-127,-121,3
19,3,12,11,-104,-107,3
27,4.04E-27,25,14,-144,-136,3
12,6.20E-25,26,22,-160,-151,3
25,6.06E-28,28,14,-140,-139,3
25,7.75E-26,31,28,-131,-127,3
17,0.75,23,23,-158,-155,3
7,1.5,25,33,-146,-146,3
2,3,34,39,-149,-145,3
24,3,29,32,-149,-141,3
19,9.69E-27,25,11,-108,-103,3
54,1.59E-22,29,17,-128,-118,3
86,8.33E-17,25,10,-101,-104,3
5,1.27E-21,21,23,-97,-103,3
67,56,48,84,9,96,4
62,62,60,83,6,94,4
55,60,61,83,13,96,4
58,60,56,77,19,90,4
63,64,61,85,21,65,4
52,58,56,80,8,91,4
56,58,56,95,10,82,4
63,62,61,78,10,83,4
64,64,62,83,10,79,4
57,58,61,65,11,85,4
55,60,62,85,8,77,4
56,66,67,92,8,70,4
66,60,65,78,11,77,4
52,58,57,78,7,84,4
59,58,62,67,9,84,4
62,62,59,76,11,78,4
68,62,59,88,7,80,4
66,60,59,84,19,67,4
68,54,53,73,25,75,4
64,56,53,84,9,92,4
68,58,54,69,10,84,4
63,58,54,85,9,85,4
59,64,57,84,19,68,4
63,62,63,93,22,69,4
60,64,63,86,17,69,4
62,66,62,92,19,70,4
55,54,56,89,15,81,4
59,68,64,68,20,85,4
62,64,62,64,17,85,4
65,64,63,92,15,76,4
64,60,57,85,14,79,4
58,58,55,62,15,89,4
55,62,57,78,20,87,4
59,66,65,80,20,82,4
60,64,67,96,14,66,4
54,62,56,80,15,75,4
64,62,53,64,13,89,4
66,60,55,76,14,81,4
52,56,56,81,16,84,4
60,56,56,76,12,93,4
54,58,54,65,12,85,4
51,58,56,79,14,79,4
49,62,61,81,10,63,4
50,66,61,90,13,55,4
55,62,62,97,14,57,4
60,64,60,85,15,67,4
66,62,64,85,9,66,4
63,62,62,65,8,88,4
41,58,54,70,10,81,4
42,62,63,77,12,59,4
59,64,56,78,8,71,4
52,56,55,80,10,74,4
43,60,62,67,9,86,4
48,60,67,93,11,71,4
57,60,60,90,16,69,4
59,58,57,82,15,75,4
67,58,53,87,12,80,4
48,64,57,86,11,75,4
43,58,62,85,13,70,4
44,68,64,97,16,61,4
52,68,60,92,9,57,4
68,60,59,92,10,63,4
63,62,57,94,7,76,4
56,58,57,80,16,84,4
51,62,54,79,11,76,4
52,64,61,80,14,62,4
63,68,64,89,8,74,4
67,66,56,85,19,83,4
64,58,60,79,2,74,4
50,56,54,82,9,78,4
66,58,51,71,4,84,4
68,58,60,83,8,73,4
64,64,65,97,11,70,4
66,58,67,98,12,69,4
64,50,44,67,17,81,4
56,60,59,94,5,66,4
52,58,63,85,8,64,4
56,58,57,92,12,75,4
51,64,64,94,13,65,4
62,54,59,92,15,56,4
66,58,64,78,16,58,4
67,58,62,72,14,63,4
68,58,68,85,12,64,4
60,56,56,85,11,92,4
64,64,67,82,10,72,4
63,58,57,77,7,85,4
57,56,44,87,7,93,4
68,58,57,78,13,82,4
65,54,61,85,10,88,4
64,60,64,88,9,80,4
59,58,67,78,11,88,4
66,56,65,86,15,88,4
63,58,63,85,13,75,4
65,60,67,91,15,80,4
65,52,64,92,5,85,4
67,43,57,85,10,82,4
51,58,64,81,17,68,4
54,50,43,66,19,81,4
68,52,54,79,15,79,4
68,62,63,86,14,68,4
62,54,56,63,17,94,4
65,56,59,78,20,80,4
67,58,64,92,16,72,4
67,58,65,92,16,72,4
58,58,57,92,17,66,4
65,56,60,96,7,71,4
60,52,61,71,9,76,4
63,58,65,84,17,73,4
60,60,59,94,8,79,4
54,45,61,91,5,86,4
60,45,51,88,10,78,4
56,56,63,96,15,64,4
55,60,68,81,16,73,4
52,56,62,85,16,79,4
43,50,55,79,9,85,4
54,56,56,76,9,101,4
48,52,61,51,11,92,4
59,56,64,74,9,88,4
49,54,59,78,12,94,4
41,45,50,44,7,120,4
52,58,60,85,15,81,4
52,56,59,85,25,78,4
51,47,48,66,33,82,4
50,58,62,98,13,57,4
59,58,59,98,15,63,4
63,58,63,92,13,65,4
63,54,64,94,14,61,4
68,56,68,92,3,70,4
42,58,57,73,11,78,4
63,62,60,82,13,83,4
49,54,54,77,8,86,4
42,52,59,67,18,107,4
42,52,60,78,17,91,4
63,62,65,87,10,69,4
50,62,63,78,14,78,4
57,54,56,84,9,75,4
64,54,57,78,16,80,4
60,58,60,81,6,102,4
48,50,54,81,9,90,4
45,54,57,93,12,80,4
55,58,61,86,16,64,4
63,58,59,89,16,71,4
51,56,56,73,10,79,4
45,50,55,82,15,81,4
44,50,59,88,9,77,4
51,54,59,88,10,75,4
48,56,60,93,5,83,4
44,50,59,78,7,83,4
44,52,54,78,6,90,4
50,54,55,78,14,78,4
44,54,59,92,10,84,4
41,52,60,80,3,81,4
43,58,60,92,12,86,4
50,54,60,85,15,88,4
55,58,64,95,14,84,4
43,45,53,70,10,82,4
43,52,57,88,14,89,4
41,52,57,82,15,93,4
48,54,61,87,9,86,4
66,54,57,76,9,93,4
68,27,26,79,16,101,5
68,15,18,17,25,93,5
87,24,23,72,9,91,5
75,9,8,2,10,116,5
68,100,9,9,17,125,5
81,21,18,31,12,103,5
93,24,25,36,7,104,5
62,18,17,38,10,96,5
31,21,14,29,12,95,5
50,6,8,12,37,121,5
68,15,17,28,7,104,5
62,12,13,19,6,111,5
81,21,17,19,20,103,5
68,15,12,29,14,91,5
81,21,17,42,13,99,5
68,9,12,24,13,100,5
81,27,22,41,11,94,5
68,15,8,7,45,115,5
75,6,7,28,20,107,5
93,24,22,49,13,97,5
75,6,6,23,22,113,5
87,36,28,57,11,92,5
87,39,27,80,4,91,5
87,18,12,33,6,103,5
87,18,11,24,8,107,5
87,9,14,36,5,113,5
93,21,18,46,9,113,5
81,18,13,22,14,119,5
81,27,21,21,55,130,5
87,18,15,30,43,121,5
75,15,10,26,18,119,5
75,3,12,25,2,115,5
100,27,28,72,6,102,5
93,21,18,65,15,112,5
81,8.94E-08,9,42,33,124,5
93,12,15,33,13,118,5
93,6,11,35,5,116,5
100,12,15,69,0,115,5
56,15,13,42,-1,120,5
76.5,3,17,50,8,118,5
75,21,24,77,3,105,5
87,24,31,80,-2,103,5
75,21,16,59,6,107,5
81,21,13,65,1,106,5
56,9,6,15,1,125,5
56,6,4,15,38,120,5
81,15,14,44,11,106,5
87,24,24,55,18,109,5
81,18,12,17,72,123,5
87,27,24,55,23,109,5
87,18,17,41,23,112,5
81,15,13,33,25,117,5
75,15,12,21,27,119,5
75,12,8,15,121,133,5
81,18,16,35,79,131,5
81,15,11,28,76,124,5
81,18,12,43,0,125,5
100,24,20,29,51,124,5
81,15,12,37,14,121,5
75,78,9,15,96,119,5
81,15,15,33,2,113,5
81,15,12,24,8,113,5
81,9,10,38,6,112,5
81,12,14,38,7,112,5
87,9,8,38,9,109,5
68,6,6,44,7,108,5
81,12,7,34,37,115,5
68,12,9,49,25,113,5
75,15,12,54,23,109,5
75,12,9,60,28,113,5
68,15,10,28,81,125,5
75,9,6,20,110,128,5
68,12,8,32,23,120,5
62,12,5,11,37,121,5
75,12,7,31,30,115,5
75,12,5,25,18,120,5
81,12,6,30,19,115,5
62,12,10,49,19,110,5
43,9,5,38,40,117,5
62,15,18,66,23,116,5
56,15,16,57,43,114,5
56,21,26,84,34,111,5
62,24,25,61,23,113,5
25,18,16,47,20,112,5
76.5,33,22,76,18,104,5
37,18,17,100,16,103,5
50,30,22,97,25,104,5
18,42,28,79,23,94,5
43,27,22,87,33,98,5
50,33,27,100,30,102,5
62,24,14,68,37,109,5
56,24,18,60,18,104,5
68,30,23,76,32,101,5
62,21,16,24,124,135,5
68,30,22,50,67,126,5
62,24,14,64,77,119,5
62,21,14,56,62,120,5
68,21,12,80,8,111,5
100,100,98,100,19,2,5
75,21,18,27,71,111,5
75,27,15,42,48,101,5
68,21,16,40,67,108,5
75,18,12,46,72,114,5
75,18,10,19,57,112,5
75,21,14,23,53,114,5
81,18,13,21,30,109,5
81,21,15,29,44,114,5
81,18,10,19,95,126,5
75,12,10,18,67,117,5
75,18,11,12,96,123,5
68,12,11,19,50,117,5
81,12,14,28,30,113,5
75,12,13,16,64,113,5
62,18,12,14,97,125,5
62,18,10,9,100,118,5
81,21,19,23,24,113,5
81,21,23,45,18,104,5
87,18,18,25,19,106,5
75,15,11,9,28,114,5
62,15,9,18,73,121,5
68,15,12,19,111,127,5
62,15,10,12,20,117,5
56,18,11,5,122,136,5
62,15,10,22,29,118,5
50,18,6,15,78,124,5
75,15,13,42,20,117,5
62,18,10,26,39,122,5
62,18,9,33,20,119,5
68,21,12,27,48,123,5
75,21,9,18,55,118,5
50,18,6,16,24,123,5
50,9,6,5,104,132,5
68,15,10,31,57,123,5
81,12,10,28,107,128,5
62,12,5,18,95,136,5
81,12,10,30,94,128,5
87,3,8,25,46,129,5
81,15,13,56,78,128,5
81,12,12,38,58,124,5
75,15,12,35,28,123,5
81,21,15,33,43,112,5
75,12,12,39,59,126,5
68,18,11,39,30,119,5
68,12,13,34,17,126,5
68,15,15,19,55,130,5
68,18,17,30,22,117,5
75,12,12,26,64,128,5
68,9,9,29,41,128,5
75,18,13,42,49,126,5
68,18,16,52,53,126,5
62,6,17,45,17,124,5
75,15,13,58,13,125,5
75,18,10,45,30,118,5
81,18,17,78,20,121,5
81,12,9,41,22,121,5
68,15,10,52,22,118,5
75,24,17,43,17,127,5
81,15,12,21,95,133,5
62,21,13,53,20,123,5
75,21,15,28,95,130,5
,,,,-96,-8,7
,,,,-106,-8,7
,,,,-96,-7,7
,,,,-102,2,7
,,,,-100,19,7
,,,,-111,134,7
,,,,-101,-3,7
,,,,-109,15,7
,,,,-94,-11,7
,,,,-95,4,7
,,,,-87,3,7
,,,,-92,-12,7
,,,,-104,-2,7
,,,,-103,10,7
,,,,-97,4,7
,,,,-104,9,7
,,,,-93,-5,7
,,,,-72,-18,7
,,,,-84,-12,7
,,,,-89,-4,7
,,,,-90,-20,7
,,,,-90,-18,7
,,,,-88,-16,7
,,,,-98,-17,7
,,,,-86,-2,7
,,,,-113,3,7
,,,,-85,-14,7
,,,,-93,-24,7
,,,,-82,-13,7
,,,,-109,0,7
,,,,-93,-11,7
,,,,-94,-16,7
,,,,-85,-19,7
,,,,-108,5,7
,,,,-94,-6,7
,,,,-88,-6,7
,,,,-94,-3,7
,,,,-92,3,7
,,,,-79,-8,7
,,,,-88,-12,7
,,,,-94,5,7
,,,,-94,-17,7
,,,,-94,-7,7
,,,,-92,1,7
,,,,-97,-14,7
,,,,-96,-8,7
,,,,-93,0,7
,,,,-106,-3,7
,,,,-70,-14,7
,,,,-71,-17,7
,,,,-92,-4,7
,,,,-95,-17,7
,,,,-90,12,7
,,,,-86,17,7
,,,,-94,3,7
,,,,-91,11,7
,,,,-96,4,7
,,,,-89,8,7
,,,,-90,9,7
,,,,-93,6,7
,,,,-89,0,7
,,,,-91,4,7
,,,,-83,-2,7
,,,,-83,17,7
,,,,-91,4,7
,,,,-92,3,7
,,,,-92,0,7
,,,,-94,4,7
,,,,-88,8,7
,,,,-82,16,7
,,,,-87,6,7
,,,,-96,0,7
,,,,-97,5,7
,,,,-100,4,7
,,,,-90,4,7
,,,,-93,5,7
,,,,-99,0,7
,,,,-91,23,7
,,,,-92,22,7
,,,,-93,23,7
,,,,-90,26,7
,,,,-90,26,7
,,,,-96,21,7
,,,,-90,15,7
,,,,-90,25,7
,,,,-101,8,7
,,,,-107,0,7
,,,,-107,4,7
,,,,-103,15,7
,,,,-97,18,7
,,,,-100,6,7
,,,,-98,5,7
,,,,-96,3,7
,,,,-96,11,7
,,,,-91,17,7
,,,,-91,14,7
,,,,-91,15,7
,,,,-89,14,7
,,,,-88,15,7
,,,,-92,11,7
,,,,-87,19,7
,,,,-88,20,7
,,,,-90,19,7
,,,,-85,25,7
,,,,-84,25,7
,,,,-77,32,7
,,,,-93,32,7
,,,,-93,25,7
,,,,-97,22,7
,,,,-85,-3,7
,,,,-93,12,7
,,,,-91,21,7
,,,,-92,16,7
,,,,-88,22,7
,,,,-91,16,7
,,,,-89,20,7
,,,,-91,20,7
,,,,-92,15,7
,,,,-91,24,7
,,,,-85,12,7
,,,,-90,9,7
,,,,-89,11,7
,,,,-91,9,7
,,,,-90,9,7
,,,,-93,3,7
,,,,-93,8,7
,,,,-95,6,7
,,,,-89,14,7
,,,,-89,14,7
,,,,-85,18,7
,,,,-94,23,7
,,,,-92,25,7
,,,,-99,26,7
,,,,-94,41,7
,,,,-104,10,7
,,,,-104,27,7
,,,,-97,37,7
,,,,-99,46,7
,,,,-94,20,7
,,,,-96,22,7
,,,,-95,30,7
,,,,-86,33,7
,,,,-92,26,7
,,,,-97,29,7
,,,,-92,20,7
,,,,-82,31,7
,,,,-101,24,7
,,,,-95,13,7
,,,,-96,21,7
,,,,-94,19,7
,,,,-93,18,7
,,,,-105,5,7
,,,,-99,19,7
,,,,-113,-4,7
,,,,-99,35,7
,,,,-108,34,7
,,,,-110,25,7
,,,,-109,38,7
,,,,-94,25,7
,,,,-100,31,7
,,,,-118,123,10
,,,,-124,122,10
,,,,-105,58,10
,,,,-111,41,10
,,,,-98,38,10
,,,,-113,69,10
,,,,-112,92,10
,,,,-117,101,10
,,,,-133,120,10
,,,,-124,101,10
,,,,-104,70,10
,,,,-113,47,10
,,,,-123,91,10
,,,,-122,87,10
,,,,-117,86,10
,,,,-121,95,10
,,,,-107,94,10
,,,,-116,93,10
,,,,-100,82,10
,,,,-89,51,10
,,,,-116,67,10
,,,,-92,47,10
,,,,-92,42,10
,,,,-106,20,10
,,,,-107,76,10
,,,,-110,90,10
,,,,-125,78,10
,,,,-131,47,10
,,,,-122,-3,10
,,,,-134,103,10
,,,,-119,75,10
,,,,-139,85,10
,,,,-129,79,10
,,,,-127,33,10
,,,,-126,95,10
,,,,-110,35,10
,,,,-112,85,10
,,,,-108,78,10
,,,,-102,55,10
,,,,-96,51,10
,,,,-121,89,10
,,,,-113,40,10
,,,,-110,36,10
,,,,-119,43,10
,,,,-95,36,10
,,,,-98,21,10
,,,,-118,11,10
,,,,-97,62,10
,,,,-87,34,10
,,,,-105,13,10
,,,,-71,62,10
,,,,-106,5,10
,,,,-82,43,10
,,,,-77,53,10
,,,,-91,60,10
,,,,-80,84,10
,,,,-111,84,10
,,,,-105,74,10
,,,,-124,108,10
,,,,-116,66,10
,,,,-118,104,10
,,,,-109,83,10
,,,,-88,62,10
,,,,-92,92,10
,,,,-93,78,10
,,,,-107,73,10
,,,,-115,12,10
,,,,-117,34,10
,,,,-112,86,10
,,,,-127,72,10
,,,,-122,60,10
,,,,-107,82,10
,,,,-125,107,10
,,,,-102,90,10
,,,,-114,108,10
,,,,-112,85,10
,,,,-73,75,10
,,,,-81,94,10
,,,,-114,110,10
,,,,-122,73,10
,,,,-117,56,10
,,,,-87,51,10
,,,,-83,39,10
,,,,-94,76,10
,,,,-94,53,10
,,,,-91,64,10
,,,,-94,73,10
,,,,-93,55,10
,,,,-107,42,10
,,,,-96,52,10
,,,,-103,124,10
,,,,-103,90,10
,,,,-105,84,10
,,,,-106,40,10
,,,,-99,23,10
,,,,-115,96,10
,,,,-104,46,10
,,,,-95,83,10
,,,,-102,31,10
,,,,-102,24,10
,,,,-91,52,10
,,,,-102,47,10
,,,,-106,22,10
,,,,-113,69,10
,,,,-84,55,10
,,,,-85,56,10
,,,,-102,4,10
,,,,-102,102,10
,,,,-90,60,10
,,,,-80,62,10
,,,,-94,89,10
,,,,-105,48,10
,,,,-98,60,10
,,,,-90,60,10
,,,,-110,52,10
,,,,-104,81,10
,,,,-100,63,10
,,,,-86,48,10
,,,,-96,52,10
,,,,-87,36,10
,,,,-111,3,10
,,,,-103,60,10
,,,,-70,98,10
,,,,-109,111,10
,,,,-122,45,10
,,,,-117,32,10
,,,,-89,87,10
,,,,-68,63,10
,,,,-109,62,10
,,,,-118,35,10
,,,,-105,54,10
,,,,-107,58,10
,,,,-119,82,10
,,,,-103,102,10
,,,,-118,116,10
,,,,-99,109,10
,,,,-81,76,10
,,,,-107,99,10
,,,,-113,106,10
,,,,-125,85,10
,,,,-106,66,10
,,,,-124,13,10
,,,,-114,0,10
,,,,-88,53,10
,,,,-92,73,10
,,,,-93,60,10
,,,,-76,38,10
,,,,-75,56,10
,,,,-74,44,10
,,,,-114,71,10
,,,,-103,63,10
,,,,-89,76,10
,,,,-94,93,10
,,,,-98,62,10
,,,,-115,90,10
,,,,-120,-1,10
,,,,-102,117,10
,,,,-105,81,10
,,,,-98,59,10
,,,,-115,-54,10
,,,,-60,-82,16
,,,,-50,-79,16
,,,,-37,-95,16
,,,,-50,-83,16
,,,,-24,-95,16
,,,,-25,-104,16
,,,,-36,-105,16
,,,,-37,-106,16
,,,,-29,-106,16
,,,,-67,-110,16
,,,,-23,-97,16
,,,,-16,-98,16
,,,,-28,-97,16
,,,,-24,-100,16
,,,,-21,-98,16
,,,,-23,-107,16
,,,,-17,-99,16
,,,,-19,-100,16
,,,,-24,-99,16
,,,,-29,-99,16
,,,,-21,-106,16
,,,,-34,-104,16
,,,,-32,-107,16
,,,,-42,-107,16
,,,,-39,-101,16
,,,,-167,510,16
,,,,-61,-121,16
,,,,-29,-92,16
,,,,-34,-83,16
,,,,-46,-76,16
,,,,-38,-84,16
,,,,-40,-92,16
,,,,-55,-84,16
,,,,-32,-88,16
,,,,-58,-81,16
,,,,-50,-92,16
,,,,-45,-102,16
,,,,-49,-97,16
,,,,-52,-102,16
,,,,-74,-102,16
,,,,-33,-84,16
,,,,-31,-88,16
,,,,-13,-58,16
,,,,-9,-67,16
,,,,-18,-65,16
,,,,-11,-61,16
,,,,-10,-69,16
,,,,-13,-69,16
,,,,-22,-66,16
,,,,-11,-73,16
,,,,-14,-78,16
,,,,-15,-71,16
,,,,-21,-69,16
,,,,-20,-67,16
,,,,-24,-67,16
,,,,-21,-78,16
,,,,-15,-69,16
,,,,-21,-69,16
,,,,-2,-66,16
,,,,4,-60,16
,,,,-11,-79,16
,,,,-12,-77,16
,,,,-13,-72,16
,,,,-12,-77,16
,,,,-11,-79,16
,,,,-19,-70,16
,,,,-14,-74,16
,,,,-13,-87,16
,,,,-20,-74,16
,,,,-11,-52,16
,,,,-12,-50,16
,,,,-8,-55,16
,,,,-22,-62,16
,,,,-18,-59,16
,,,,-28,-70,16
,,,,-28,-73,16
,,,,-34,-75,16
,,,,-16,-65,16
,,,,-23,-69,16
,,,,-27,-73,16
,,,,-53,-73,16
,,,,-24,-66,16
,,,,-19,-72,16
,,,,-22,-68,16
,,,,-22,-69,16
,,,,-16,-74,16
,,,,-21,-73,16
,,,,-16,-77,16
,,,,-24,-74,16
,,,,-22,-72,16
,,,,-20,-75,16
,,,,-32,-69,16
,,,,-49,-82,16
,,,,-29,-69,16
,,,,-28,-68,16
,,,,-26,-71,16
,,,,-30,-69,16
,,,,-33,-66,16
,,,,-29,-72,16
,,,,-27,-68,16
,,,,-35,-70,16
,,,,-32,-79,16
,,,,-66,-83,16
,,,,-35,-76,16
,,,,-36,-81,16
,,,,-40,-78,16
,,,,-72,-97,16
,,,,-70,-93,16
,,,,-48,-70,16
,,,,-28,-70,16
,,,,-27,-70,16
,,,,-45,-67,16
,,,,-26,-77,16
,,,,-27,-76,16
,,,,-32,-78,16
,,,,-44,-79,16
,,,,-37,-74,16
,,,,-41,-83,16
,,,,-38,-84,16
,,,,-45,-76,16
,,,,-62,-67,16
,,,,-31,-79,16
,,,,-51,-74,16
,,,,-35,-71,16
,,,,-24,-80,16
,,,,-14,-76,16
,,,,-23,-71,16
,,,,-19,-72,16
,,,,-21,-79,16
,,,,-20,-78,16
,,,,-18,-79,16
,,,,-25,-64,16
,,,,-25,-88,16
,,,,-16,-73,16
,,,,-17,-68,16
,,,,-20,-77,16
,,,,-21,-77,16
,,,,-14,-70,16
,,,,-10,-67,16
,,,,-10,-71,16
,,,,-14,-72,16
,,,,-16,-82,16
,,,,-16,-78,16
,,,,-17,-77,16
,,,,-14,-83,16
,,,,-19,-75,16
,,,,-20,-70,16
,,,,-15,-72,16
,,,,-19,-68,16
,,,,-28,-66,16
,,,,-25,-71,16
,,,,-23,-69,16
,,,,-15,-67,16
,,,,-17,-69,16
,,,,-17,-72,16
,,,,-16,-67,16
,,,,-21,-69,16
,,,,-16,-77,16
,,,,-14,-82,16
,,,,-28,-78,16
,,,,133,137,18
,,,,161,153,18
,,,,158,149,18
,,,,126,156,18
,,,,150,143,18
,,,,150,144,18
,,,,-44,163,18
,,,,-6,161,18
,,,,65,156,18
,,,,-15,160,18
,,,,93,151,18
,,,,129,153,18
,,,,-164,164,18
,,,,22,173,18
,,,,-159,163,18
,,,,101,161,18
,,,,125,158,18
,,,,68,164,18
,,,,154,153,18
,,,,100,163,18
,,,,14,165,18
,,,,67,158,18
,,,,52,163,18
,,,,-55,162,18
,,,,-168,171,18
,,,,-67,164,18
,,,,-99,166,18
,,,,57,157,18
,,,,-154,164,18
,,,,-144,168,18
,,,,30,159,18
,,,,124,157,18
,,,,72,165,18
,,,,-53,163,18
,,,,144,152,18
,,,,86,166,18
,,,,143,139,18
,,,,157,148,18
,,,,129,149,18
,,,,78,151,18
,,,,120,148,18
,,,,107,158,18
,,,,157,157,18
,,,,144,146,18
,,,,-120,169,18
,,,,161,150,18
,,,,130,158,18
,,,,-6,164,18
,,,,123,159,18
,,,,81,160,18
,,,,34,102,18
,,,,159,149,18
,,,,159,151,18
,,,,43,160,18
,,,,39,158,18
,,,,-166,169,18
,,,,145,166,18
,,,,-165,166,18
,,,,150,149,18
,,,,163,154,18
,,,,161,153,18
,,,,158,150,18
,,,,158,149,18
,,,,157,147,18
,,,,142,145,18
,,,,157,164,18
,,,,147,161,18
,,,,-62,163,18
,,,,100,163,18
,,,,-85,170,18
,,,,2,165,18
,,,,20,162,18
,,,,-108,153,18
,,,,-169,161,18
,,,,-160,161,18
,,,,74,164,18
,,,,162,169,18
,,,,-84,161,18
,,,,-158,162,18
,,,,-153,160,18
,,,,-14,136,18
,,,,-141,140,18
,,,,-135,143,18
,,,,-12,131,18
,,,,-74,136,18
,,,,-10,134,18
,,,,-39,138,18
,,,,12,122,18
,,,,1,128,18
,,,,0,126,18
,,,,-14,128,18
,,,,-15,131,18
,,,,30,130,18
,,,,-6,126,18
,,,,-10,128,18
,,,,-4,135,18
,,,,-153,163,18
,,,,-158,153,18
,,,,43,145,18
,,,,-28,124,18
,,,,-118,137,18
,,,,-26,126,18
,,,,-55,128,18
,,,,-130,148,18
,,,,-132,138,18
,,,,-48,122,18
,,,,51,122,18
,,,,-93,137,18
,,,,64,145,18
,,,,-145,160,18
,,,,5,154,18
,,,,114,136,18
,,,,-8,122,18
,,,,53,131,18
,,,,138,147,18
,,,,25,128,18
,,,,17,107,18
,,,,-1,126,18
,,,,7,130,18
,,,,5,127,18
,,,,89,134,18
,,,,54,121,18
,,,,14,126,18
,,,,-107,151,18
,,,,16,95,18
,,,,26,106,18
,,,,23,110,18
,,,,114,138,18
,,,,15,90,18
,,,,8,75,18
,,,,25,122,18
,,,,47,129,18
,,,,-6,128,18
,,,,-17,125,18
,,,,70,140,18
,,,,32,132,18
,,,,64,132,18
,,,,-113,140,18
,,,,3,129,18
,,,,40,131,18
,,,,109,135,18
,,,,-154,145,18
,,,,-6,130,18
,,,,-99,134,18
,,,,22,127,18
,,,,11,121,18
,,,,0,112,18
,,,,4,123,18
,,,,4,118,18
,,,,-133,137,18
,,,,14,119,18
,,,,-2,105,18
,,,,-17,114,18
,,,,-13,106,18
,,,,0,109,18
,,,,0,102,18
,,,,-4,91,18
,,,,-2,99,18
,,,,-1,98,18
,,,,-166,154,18
,,,,-81,-64,26
,,,,-95,-92,26
,,,,-62,-54,26
,,,,-65,-94,26
,,,,-58,-84,26
,,,,-48,-76,26
,,,,-54,-105,26
,,,,-59,-77,26
,,,,-85,-42,26
,,,,-40,-68,26
,,,,-6,-93,26
,,,,-64,-63,26
,,,,-54,-85,26
,,,,-56,-87,26
,,,,-36,-70,26
,,,,-80,-64,26
,,,,-41,-97,26
,,,,-50,-76,26
,,,,-37,-85,26
,,,,-54,-97,26
,,,,-35,-77,26
,,,,-26,-99,26
,,,,-49,-81,26
,,,,-50,-103,26
,,,,-81,-64,26
,,,,-85,-62,26
,,,,-95,-92,26
,,,,-82,-64,26
,,,,-50,-73,26
,,,,-51,-65,26
,,,,-49,-64,26
,,,,-48,-63,26
,,,,-62,-54,26
,,,,-54,-53,26
,,,,-75,-98,26
,,,,-65,-73,26
,,,,-60,-71,26
,,,,-65,-94,26
,,,,-58,-84,26
,,,,-48,-76,26
,,,,-48,-60,26
,,,,-72,-99,26
,,,,-44,-89,26
,,,,-27,-111,26
,,,,-43,-72,26
,,,,-117,-103,26
,,,,-62,-97,26
,,,,-44,-101,26
,,,,-51,-66,26
,,,,-50,-83,26
,,,,-40,-81,26
,,,,-65,-105,26
,,,,-58,-90,26
,,,,-110,-88,26
,,,,-54,-105,26
,,,,-63,-77,26
,,,,-49,-86,26
,,,,-100,-86,26
,,,,-62,-106,26
,,,,-54,-93,26
,,,,-54,-72,26
,,,,-34,-96,26
,,,,-21,-99,26
,,,,-35,-83,26
,,,,-32,-92,26
,,,,-73,-97,26
,,,,-59,-77,26
,,,,-85,-42,26
,,,,-61,-102,26
,,,,-61,-93,26
,,,,-45,-93,26
,,,,-22,-93,26
,,,,-56,-72,26
,,,,-40,-75,26
,,,,-40,-68,26
,,,,-8,-93,26
,,,,-20,-96,26
,,,,-78,-112,26
,,,,-43,-84,26
,,,,-80,-47,26
,,,,-37,-92,26
,,,,-86,-86,26
,,,,-6,-93,26
,,,,-64,-63,26
,,,,-98,-72,26
,,,,-45,-76,26
,,,,-39,-107,26
,,,,-37,-97,26
,,,,-44,-95,26
,,,,-54,-85,26
,,,,-50,-90,26
,,,,-56,-87,26
,,,,-51,-83,26
,,,,-56,-97,26
,,,,-85,-74,26
,,,,-38,-83,26
,,,,-19,-100,26
,,,,-69,-79,26
,,,,-27,-87,26
,,,,-26,-94,26
,,,,-70,-99,26
,,,,-30,-101,26
,,,,26,-116,26
,,,,-93,-95,26
,,,,-54,-83,26
,,,,-52,-87,26
,,,,-43,-81,26
,,,,-48,-61,26
,,,,-86,-76,26
,,,,-59,-98,26
,,,,-43,-90,26
,,,,-86,-86,26
,,,,-38,-75,26
,,,,-52,-93,26
,,,,-36,-70,26
,,,,-80,-64,26
,,,,-42,-96,26
,,,,-34,-83,26
,,,,-36,-80,26
,,,,-55,-111,26
,,,,-45,-72,26
,,,,-39,-108,26
,,,,-32,-65,26
,,,,-78,-98,26
,,,,-50,-81,26
,,,,-41,-97,26
,,,,-42,-94,26
,,,,-41,-95,26
,,,,-34,-83,26
,,,,-33,-112,26
,,,,-40,-76,26
,,,,-35,-104,26
,,,,-70,-79,26
,,,,-50,-76,26
,,,,-51,-80,26
,,,,-100,-87,26
,,,,-55,-83,26
,,,,-38,-103,26
,,,,-28,-100,26
,,,,-52,-89,26
,,,,-51,-93,26
,,,,-26,-82,26
,,,,-42,-87,26
,,,,-38,-78,26
,,,,-37,-85,26
,,,,-82,-122,26
,,,,-40,-94,26
,,,,-43,-95,26
,,,,-54,-97,26
,,,,-35,-77,26
,,,,-26,-99,26
,,,,-21,-99,26
,,,,-27,-92,26
,,,,-44,-82,26
,,,,-33,-95,26
,,,,-90,-64,26
,,,,-80,-114,26
,,,,-31,-84,26
,,,,-18,-106,26
,,,,-47,-101,26
